[2025-05-02T19:33:05.875+0000] {processor.py:161} INFO - Started process (PID=58) to work on /home/airflow/.local/lib/python3.12/site-packages/airflow/example_dags/example_subdag_operator.py
[2025-05-02T19:33:05.876+0000] {processor.py:830} INFO - Processing file /home/airflow/.local/lib/python3.12/site-packages/airflow/example_dags/example_subdag_operator.py for tasks to queue
[2025-05-02T19:33:05.880+0000] {logging_mixin.py:188} INFO - [2025-05-02T19:33:05.879+0000] {dagbag.py:540} INFO - Filling up the DagBag from /home/airflow/.local/lib/python3.12/site-packages/airflow/example_dags/example_subdag_operator.py
[2025-05-02T19:33:05.956+0000] {processor.py:840} INFO - DAG(s) 'example_subdag_operator.section-1', 'example_subdag_operator.section-2', 'example_subdag_operator' retrieved from /home/airflow/.local/lib/python3.12/site-packages/airflow/example_dags/example_subdag_operator.py
[2025-05-02T19:33:05.963+0000] {logging_mixin.py:188} INFO - [2025-05-02T19:33:05.962+0000] {dag.py:3096} INFO - Sync 3 DAGs
[2025-05-02T19:33:06.004+0000] {logging_mixin.py:188} INFO - [2025-05-02T19:33:06.003+0000] {dag.py:3954} INFO - Setting next_dagrun for example_subdag_operator to 2022-01-01 00:00:00+00:00, run_after=2022-01-01 00:00:00+00:00
[2025-05-02T19:33:06.009+0000] {logging_mixin.py:188} INFO - [2025-05-02T19:33:06.009+0000] {dag.py:3954} INFO - Setting next_dagrun for example_subdag_operator.section-1 to None, run_after=None
[2025-05-02T19:33:06.011+0000] {logging_mixin.py:188} INFO - [2025-05-02T19:33:06.010+0000] {dag.py:3954} INFO - Setting next_dagrun for example_subdag_operator.section-2 to None, run_after=None
[2025-05-02T19:33:06.022+0000] {logging_mixin.py:188} INFO - [2025-05-02T19:33:06.021+0000] {dag.py:3096} INFO - Sync 2 DAGs
[2025-05-02T19:33:06.030+0000] {logging_mixin.py:188} INFO - [2025-05-02T19:33:06.030+0000] {dag.py:3954} INFO - Setting next_dagrun for example_subdag_operator.section-1 to None, run_after=None
[2025-05-02T19:33:06.031+0000] {logging_mixin.py:188} INFO - [2025-05-02T19:33:06.030+0000] {dag.py:3954} INFO - Setting next_dagrun for example_subdag_operator.section-2 to None, run_after=None
[2025-05-02T19:33:06.048+0000] {processor.py:183} INFO - Processing /home/airflow/.local/lib/python3.12/site-packages/airflow/example_dags/example_subdag_operator.py took 0.186 seconds
[2025-05-02T19:33:36.116+0000] {processor.py:161} INFO - Started process (PID=115) to work on /home/airflow/.local/lib/python3.12/site-packages/airflow/example_dags/example_subdag_operator.py
[2025-05-02T19:33:36.117+0000] {processor.py:830} INFO - Processing file /home/airflow/.local/lib/python3.12/site-packages/airflow/example_dags/example_subdag_operator.py for tasks to queue
[2025-05-02T19:33:36.118+0000] {logging_mixin.py:188} INFO - [2025-05-02T19:33:36.117+0000] {dagbag.py:540} INFO - Filling up the DagBag from /home/airflow/.local/lib/python3.12/site-packages/airflow/example_dags/example_subdag_operator.py
[2025-05-02T19:33:36.134+0000] {processor.py:840} INFO - DAG(s) 'example_subdag_operator.section-1', 'example_subdag_operator.section-2', 'example_subdag_operator' retrieved from /home/airflow/.local/lib/python3.12/site-packages/airflow/example_dags/example_subdag_operator.py
[2025-05-02T19:33:36.199+0000] {logging_mixin.py:188} INFO - [2025-05-02T19:33:36.199+0000] {dag.py:3096} INFO - Sync 3 DAGs
[2025-05-02T19:33:36.211+0000] {logging_mixin.py:188} INFO - [2025-05-02T19:33:36.211+0000] {dag.py:3954} INFO - Setting next_dagrun for example_subdag_operator to 2022-01-01 00:00:00+00:00, run_after=2022-01-01 00:00:00+00:00
[2025-05-02T19:33:36.213+0000] {logging_mixin.py:188} INFO - [2025-05-02T19:33:36.213+0000] {dag.py:3954} INFO - Setting next_dagrun for example_subdag_operator.section-1 to None, run_after=None
[2025-05-02T19:33:36.214+0000] {logging_mixin.py:188} INFO - [2025-05-02T19:33:36.214+0000] {dag.py:3954} INFO - Setting next_dagrun for example_subdag_operator.section-2 to None, run_after=None
[2025-05-02T19:33:36.221+0000] {logging_mixin.py:188} INFO - [2025-05-02T19:33:36.221+0000] {dag.py:3096} INFO - Sync 2 DAGs
[2025-05-02T19:33:36.225+0000] {logging_mixin.py:188} INFO - [2025-05-02T19:33:36.224+0000] {dag.py:3954} INFO - Setting next_dagrun for example_subdag_operator.section-1 to None, run_after=None
[2025-05-02T19:33:36.225+0000] {logging_mixin.py:188} INFO - [2025-05-02T19:33:36.225+0000] {dag.py:3954} INFO - Setting next_dagrun for example_subdag_operator.section-2 to None, run_after=None
[2025-05-02T19:33:36.237+0000] {processor.py:183} INFO - Processing /home/airflow/.local/lib/python3.12/site-packages/airflow/example_dags/example_subdag_operator.py took 0.125 seconds
[2025-05-02T19:34:07.136+0000] {processor.py:161} INFO - Started process (PID=174) to work on /home/airflow/.local/lib/python3.12/site-packages/airflow/example_dags/example_subdag_operator.py
[2025-05-02T19:34:07.137+0000] {processor.py:830} INFO - Processing file /home/airflow/.local/lib/python3.12/site-packages/airflow/example_dags/example_subdag_operator.py for tasks to queue
[2025-05-02T19:34:07.138+0000] {logging_mixin.py:188} INFO - [2025-05-02T19:34:07.138+0000] {dagbag.py:540} INFO - Filling up the DagBag from /home/airflow/.local/lib/python3.12/site-packages/airflow/example_dags/example_subdag_operator.py
[2025-05-02T19:34:07.158+0000] {processor.py:840} INFO - DAG(s) 'example_subdag_operator.section-1', 'example_subdag_operator.section-2', 'example_subdag_operator' retrieved from /home/airflow/.local/lib/python3.12/site-packages/airflow/example_dags/example_subdag_operator.py
[2025-05-02T19:34:07.175+0000] {logging_mixin.py:188} INFO - [2025-05-02T19:34:07.175+0000] {dag.py:3096} INFO - Sync 3 DAGs
[2025-05-02T19:34:07.197+0000] {logging_mixin.py:188} INFO - [2025-05-02T19:34:07.196+0000] {dag.py:3954} INFO - Setting next_dagrun for example_subdag_operator to 2022-01-01 00:00:00+00:00, run_after=2022-01-01 00:00:00+00:00
[2025-05-02T19:34:07.200+0000] {logging_mixin.py:188} INFO - [2025-05-02T19:34:07.200+0000] {dag.py:3954} INFO - Setting next_dagrun for example_subdag_operator.section-1 to None, run_after=None
[2025-05-02T19:34:07.201+0000] {logging_mixin.py:188} INFO - [2025-05-02T19:34:07.201+0000] {dag.py:3954} INFO - Setting next_dagrun for example_subdag_operator.section-2 to None, run_after=None
[2025-05-02T19:34:07.209+0000] {logging_mixin.py:188} INFO - [2025-05-02T19:34:07.208+0000] {dag.py:3096} INFO - Sync 2 DAGs
[2025-05-02T19:34:07.214+0000] {logging_mixin.py:188} INFO - [2025-05-02T19:34:07.214+0000] {dag.py:3954} INFO - Setting next_dagrun for example_subdag_operator.section-1 to None, run_after=None
[2025-05-02T19:34:07.214+0000] {logging_mixin.py:188} INFO - [2025-05-02T19:34:07.214+0000] {dag.py:3954} INFO - Setting next_dagrun for example_subdag_operator.section-2 to None, run_after=None
[2025-05-02T19:34:07.225+0000] {processor.py:183} INFO - Processing /home/airflow/.local/lib/python3.12/site-packages/airflow/example_dags/example_subdag_operator.py took 0.093 seconds
[2025-05-02T19:34:38.475+0000] {processor.py:161} INFO - Started process (PID=232) to work on /home/airflow/.local/lib/python3.12/site-packages/airflow/example_dags/example_subdag_operator.py
[2025-05-02T19:34:38.476+0000] {processor.py:830} INFO - Processing file /home/airflow/.local/lib/python3.12/site-packages/airflow/example_dags/example_subdag_operator.py for tasks to queue
[2025-05-02T19:34:38.478+0000] {logging_mixin.py:188} INFO - [2025-05-02T19:34:38.478+0000] {dagbag.py:540} INFO - Filling up the DagBag from /home/airflow/.local/lib/python3.12/site-packages/airflow/example_dags/example_subdag_operator.py
[2025-05-02T19:34:38.501+0000] {processor.py:840} INFO - DAG(s) 'example_subdag_operator.section-1', 'example_subdag_operator.section-2', 'example_subdag_operator' retrieved from /home/airflow/.local/lib/python3.12/site-packages/airflow/example_dags/example_subdag_operator.py
[2025-05-02T19:34:38.519+0000] {logging_mixin.py:188} INFO - [2025-05-02T19:34:38.519+0000] {dag.py:3096} INFO - Sync 3 DAGs
[2025-05-02T19:34:38.541+0000] {logging_mixin.py:188} INFO - [2025-05-02T19:34:38.540+0000] {dag.py:3954} INFO - Setting next_dagrun for example_subdag_operator to 2022-01-01 00:00:00+00:00, run_after=2022-01-01 00:00:00+00:00
[2025-05-02T19:34:38.544+0000] {logging_mixin.py:188} INFO - [2025-05-02T19:34:38.544+0000] {dag.py:3954} INFO - Setting next_dagrun for example_subdag_operator.section-1 to None, run_after=None
[2025-05-02T19:34:38.545+0000] {logging_mixin.py:188} INFO - [2025-05-02T19:34:38.545+0000] {dag.py:3954} INFO - Setting next_dagrun for example_subdag_operator.section-2 to None, run_after=None
[2025-05-02T19:34:38.553+0000] {logging_mixin.py:188} INFO - [2025-05-02T19:34:38.553+0000] {dag.py:3096} INFO - Sync 2 DAGs
[2025-05-02T19:34:38.558+0000] {logging_mixin.py:188} INFO - [2025-05-02T19:34:38.558+0000] {dag.py:3954} INFO - Setting next_dagrun for example_subdag_operator.section-1 to None, run_after=None
[2025-05-02T19:34:38.558+0000] {logging_mixin.py:188} INFO - [2025-05-02T19:34:38.558+0000] {dag.py:3954} INFO - Setting next_dagrun for example_subdag_operator.section-2 to None, run_after=None
[2025-05-02T19:34:38.571+0000] {processor.py:183} INFO - Processing /home/airflow/.local/lib/python3.12/site-packages/airflow/example_dags/example_subdag_operator.py took 0.102 seconds
[2025-05-02T19:35:09.132+0000] {processor.py:161} INFO - Started process (PID=289) to work on /home/airflow/.local/lib/python3.12/site-packages/airflow/example_dags/example_subdag_operator.py
[2025-05-02T19:35:09.133+0000] {processor.py:830} INFO - Processing file /home/airflow/.local/lib/python3.12/site-packages/airflow/example_dags/example_subdag_operator.py for tasks to queue
[2025-05-02T19:35:09.135+0000] {logging_mixin.py:188} INFO - [2025-05-02T19:35:09.135+0000] {dagbag.py:540} INFO - Filling up the DagBag from /home/airflow/.local/lib/python3.12/site-packages/airflow/example_dags/example_subdag_operator.py
[2025-05-02T19:35:09.156+0000] {processor.py:840} INFO - DAG(s) 'example_subdag_operator.section-1', 'example_subdag_operator.section-2', 'example_subdag_operator' retrieved from /home/airflow/.local/lib/python3.12/site-packages/airflow/example_dags/example_subdag_operator.py
[2025-05-02T19:35:09.166+0000] {logging_mixin.py:188} INFO - [2025-05-02T19:35:09.166+0000] {dag.py:3096} INFO - Sync 3 DAGs
[2025-05-02T19:35:09.186+0000] {logging_mixin.py:188} INFO - [2025-05-02T19:35:09.186+0000] {dag.py:3954} INFO - Setting next_dagrun for example_subdag_operator to 2022-01-01 00:00:00+00:00, run_after=2022-01-01 00:00:00+00:00
[2025-05-02T19:35:09.189+0000] {logging_mixin.py:188} INFO - [2025-05-02T19:35:09.189+0000] {dag.py:3954} INFO - Setting next_dagrun for example_subdag_operator.section-1 to None, run_after=None
[2025-05-02T19:35:09.190+0000] {logging_mixin.py:188} INFO - [2025-05-02T19:35:09.190+0000] {dag.py:3954} INFO - Setting next_dagrun for example_subdag_operator.section-2 to None, run_after=None
[2025-05-02T19:35:09.195+0000] {logging_mixin.py:188} INFO - [2025-05-02T19:35:09.195+0000] {dag.py:3096} INFO - Sync 2 DAGs
[2025-05-02T19:35:09.199+0000] {logging_mixin.py:188} INFO - [2025-05-02T19:35:09.199+0000] {dag.py:3954} INFO - Setting next_dagrun for example_subdag_operator.section-1 to None, run_after=None
[2025-05-02T19:35:09.200+0000] {logging_mixin.py:188} INFO - [2025-05-02T19:35:09.200+0000] {dag.py:3954} INFO - Setting next_dagrun for example_subdag_operator.section-2 to None, run_after=None
[2025-05-02T19:35:09.207+0000] {processor.py:183} INFO - Processing /home/airflow/.local/lib/python3.12/site-packages/airflow/example_dags/example_subdag_operator.py took 0.080 seconds
[2025-05-02T19:35:39.509+0000] {processor.py:161} INFO - Started process (PID=347) to work on /home/airflow/.local/lib/python3.12/site-packages/airflow/example_dags/example_subdag_operator.py
[2025-05-02T19:35:39.510+0000] {processor.py:830} INFO - Processing file /home/airflow/.local/lib/python3.12/site-packages/airflow/example_dags/example_subdag_operator.py for tasks to queue
[2025-05-02T19:35:39.511+0000] {logging_mixin.py:188} INFO - [2025-05-02T19:35:39.511+0000] {dagbag.py:540} INFO - Filling up the DagBag from /home/airflow/.local/lib/python3.12/site-packages/airflow/example_dags/example_subdag_operator.py
[2025-05-02T19:35:39.532+0000] {processor.py:840} INFO - DAG(s) 'example_subdag_operator.section-1', 'example_subdag_operator.section-2', 'example_subdag_operator' retrieved from /home/airflow/.local/lib/python3.12/site-packages/airflow/example_dags/example_subdag_operator.py
[2025-05-02T19:35:39.547+0000] {logging_mixin.py:188} INFO - [2025-05-02T19:35:39.547+0000] {dag.py:3096} INFO - Sync 3 DAGs
[2025-05-02T19:35:39.565+0000] {logging_mixin.py:188} INFO - [2025-05-02T19:35:39.564+0000] {dag.py:3954} INFO - Setting next_dagrun for example_subdag_operator to 2022-01-01 00:00:00+00:00, run_after=2022-01-01 00:00:00+00:00
[2025-05-02T19:35:39.569+0000] {logging_mixin.py:188} INFO - [2025-05-02T19:35:39.569+0000] {dag.py:3954} INFO - Setting next_dagrun for example_subdag_operator.section-1 to None, run_after=None
[2025-05-02T19:35:39.570+0000] {logging_mixin.py:188} INFO - [2025-05-02T19:35:39.570+0000] {dag.py:3954} INFO - Setting next_dagrun for example_subdag_operator.section-2 to None, run_after=None
[2025-05-02T19:35:39.576+0000] {logging_mixin.py:188} INFO - [2025-05-02T19:35:39.576+0000] {dag.py:3096} INFO - Sync 2 DAGs
[2025-05-02T19:35:39.580+0000] {logging_mixin.py:188} INFO - [2025-05-02T19:35:39.580+0000] {dag.py:3954} INFO - Setting next_dagrun for example_subdag_operator.section-1 to None, run_after=None
[2025-05-02T19:35:39.581+0000] {logging_mixin.py:188} INFO - [2025-05-02T19:35:39.580+0000] {dag.py:3954} INFO - Setting next_dagrun for example_subdag_operator.section-2 to None, run_after=None
[2025-05-02T19:35:39.591+0000] {processor.py:183} INFO - Processing /home/airflow/.local/lib/python3.12/site-packages/airflow/example_dags/example_subdag_operator.py took 0.093 seconds
[2025-05-02T19:36:10.092+0000] {processor.py:161} INFO - Started process (PID=405) to work on /home/airflow/.local/lib/python3.12/site-packages/airflow/example_dags/example_subdag_operator.py
[2025-05-02T19:36:10.093+0000] {processor.py:830} INFO - Processing file /home/airflow/.local/lib/python3.12/site-packages/airflow/example_dags/example_subdag_operator.py for tasks to queue
[2025-05-02T19:36:10.095+0000] {logging_mixin.py:188} INFO - [2025-05-02T19:36:10.095+0000] {dagbag.py:540} INFO - Filling up the DagBag from /home/airflow/.local/lib/python3.12/site-packages/airflow/example_dags/example_subdag_operator.py
[2025-05-02T19:36:10.123+0000] {processor.py:840} INFO - DAG(s) 'example_subdag_operator.section-1', 'example_subdag_operator.section-2', 'example_subdag_operator' retrieved from /home/airflow/.local/lib/python3.12/site-packages/airflow/example_dags/example_subdag_operator.py
[2025-05-02T19:36:10.136+0000] {logging_mixin.py:188} INFO - [2025-05-02T19:36:10.136+0000] {dag.py:3096} INFO - Sync 3 DAGs
[2025-05-02T19:36:10.157+0000] {logging_mixin.py:188} INFO - [2025-05-02T19:36:10.156+0000] {dag.py:3954} INFO - Setting next_dagrun for example_subdag_operator to 2022-01-01 00:00:00+00:00, run_after=2022-01-01 00:00:00+00:00
[2025-05-02T19:36:10.161+0000] {logging_mixin.py:188} INFO - [2025-05-02T19:36:10.161+0000] {dag.py:3954} INFO - Setting next_dagrun for example_subdag_operator.section-1 to None, run_after=None
[2025-05-02T19:36:10.163+0000] {logging_mixin.py:188} INFO - [2025-05-02T19:36:10.163+0000] {dag.py:3954} INFO - Setting next_dagrun for example_subdag_operator.section-2 to None, run_after=None
[2025-05-02T19:36:10.169+0000] {logging_mixin.py:188} INFO - [2025-05-02T19:36:10.169+0000] {dag.py:3096} INFO - Sync 2 DAGs
[2025-05-02T19:36:10.173+0000] {logging_mixin.py:188} INFO - [2025-05-02T19:36:10.173+0000] {dag.py:3954} INFO - Setting next_dagrun for example_subdag_operator.section-1 to None, run_after=None
[2025-05-02T19:36:10.173+0000] {logging_mixin.py:188} INFO - [2025-05-02T19:36:10.173+0000] {dag.py:3954} INFO - Setting next_dagrun for example_subdag_operator.section-2 to None, run_after=None
[2025-05-02T19:36:10.186+0000] {processor.py:183} INFO - Processing /home/airflow/.local/lib/python3.12/site-packages/airflow/example_dags/example_subdag_operator.py took 0.102 seconds
[2025-05-02T19:36:40.425+0000] {processor.py:161} INFO - Started process (PID=463) to work on /home/airflow/.local/lib/python3.12/site-packages/airflow/example_dags/example_subdag_operator.py
[2025-05-02T19:36:40.426+0000] {processor.py:830} INFO - Processing file /home/airflow/.local/lib/python3.12/site-packages/airflow/example_dags/example_subdag_operator.py for tasks to queue
[2025-05-02T19:36:40.427+0000] {logging_mixin.py:188} INFO - [2025-05-02T19:36:40.427+0000] {dagbag.py:540} INFO - Filling up the DagBag from /home/airflow/.local/lib/python3.12/site-packages/airflow/example_dags/example_subdag_operator.py
[2025-05-02T19:36:40.447+0000] {processor.py:840} INFO - DAG(s) 'example_subdag_operator.section-1', 'example_subdag_operator.section-2', 'example_subdag_operator' retrieved from /home/airflow/.local/lib/python3.12/site-packages/airflow/example_dags/example_subdag_operator.py
[2025-05-02T19:36:40.461+0000] {logging_mixin.py:188} INFO - [2025-05-02T19:36:40.460+0000] {dag.py:3096} INFO - Sync 3 DAGs
[2025-05-02T19:36:40.484+0000] {logging_mixin.py:188} INFO - [2025-05-02T19:36:40.484+0000] {dag.py:3954} INFO - Setting next_dagrun for example_subdag_operator to 2022-01-01 00:00:00+00:00, run_after=2022-01-01 00:00:00+00:00
[2025-05-02T19:36:40.490+0000] {logging_mixin.py:188} INFO - [2025-05-02T19:36:40.489+0000] {dag.py:3954} INFO - Setting next_dagrun for example_subdag_operator.section-1 to None, run_after=None
[2025-05-02T19:36:40.492+0000] {logging_mixin.py:188} INFO - [2025-05-02T19:36:40.491+0000] {dag.py:3954} INFO - Setting next_dagrun for example_subdag_operator.section-2 to None, run_after=None
[2025-05-02T19:36:40.501+0000] {logging_mixin.py:188} INFO - [2025-05-02T19:36:40.501+0000] {dag.py:3096} INFO - Sync 2 DAGs
[2025-05-02T19:36:40.507+0000] {logging_mixin.py:188} INFO - [2025-05-02T19:36:40.507+0000] {dag.py:3954} INFO - Setting next_dagrun for example_subdag_operator.section-1 to None, run_after=None
[2025-05-02T19:36:40.507+0000] {logging_mixin.py:188} INFO - [2025-05-02T19:36:40.507+0000] {dag.py:3954} INFO - Setting next_dagrun for example_subdag_operator.section-2 to None, run_after=None
[2025-05-02T19:36:40.519+0000] {processor.py:183} INFO - Processing /home/airflow/.local/lib/python3.12/site-packages/airflow/example_dags/example_subdag_operator.py took 0.100 seconds
[2025-05-02T19:37:10.763+0000] {processor.py:161} INFO - Started process (PID=521) to work on /home/airflow/.local/lib/python3.12/site-packages/airflow/example_dags/example_subdag_operator.py
[2025-05-02T19:37:10.764+0000] {processor.py:830} INFO - Processing file /home/airflow/.local/lib/python3.12/site-packages/airflow/example_dags/example_subdag_operator.py for tasks to queue
[2025-05-02T19:37:10.766+0000] {logging_mixin.py:188} INFO - [2025-05-02T19:37:10.766+0000] {dagbag.py:540} INFO - Filling up the DagBag from /home/airflow/.local/lib/python3.12/site-packages/airflow/example_dags/example_subdag_operator.py
[2025-05-02T19:37:10.788+0000] {processor.py:840} INFO - DAG(s) 'example_subdag_operator.section-1', 'example_subdag_operator.section-2', 'example_subdag_operator' retrieved from /home/airflow/.local/lib/python3.12/site-packages/airflow/example_dags/example_subdag_operator.py
[2025-05-02T19:37:10.805+0000] {logging_mixin.py:188} INFO - [2025-05-02T19:37:10.805+0000] {dag.py:3096} INFO - Sync 3 DAGs
[2025-05-02T19:37:10.824+0000] {logging_mixin.py:188} INFO - [2025-05-02T19:37:10.823+0000] {dag.py:3954} INFO - Setting next_dagrun for example_subdag_operator to 2022-01-01 00:00:00+00:00, run_after=2022-01-01 00:00:00+00:00
[2025-05-02T19:37:10.826+0000] {logging_mixin.py:188} INFO - [2025-05-02T19:37:10.826+0000] {dag.py:3954} INFO - Setting next_dagrun for example_subdag_operator.section-1 to None, run_after=None
[2025-05-02T19:37:10.827+0000] {logging_mixin.py:188} INFO - [2025-05-02T19:37:10.827+0000] {dag.py:3954} INFO - Setting next_dagrun for example_subdag_operator.section-2 to None, run_after=None
[2025-05-02T19:37:10.834+0000] {logging_mixin.py:188} INFO - [2025-05-02T19:37:10.833+0000] {dag.py:3096} INFO - Sync 2 DAGs
[2025-05-02T19:37:10.838+0000] {logging_mixin.py:188} INFO - [2025-05-02T19:37:10.837+0000] {dag.py:3954} INFO - Setting next_dagrun for example_subdag_operator.section-1 to None, run_after=None
[2025-05-02T19:37:10.838+0000] {logging_mixin.py:188} INFO - [2025-05-02T19:37:10.838+0000] {dag.py:3954} INFO - Setting next_dagrun for example_subdag_operator.section-2 to None, run_after=None
[2025-05-02T19:37:10.847+0000] {processor.py:183} INFO - Processing /home/airflow/.local/lib/python3.12/site-packages/airflow/example_dags/example_subdag_operator.py took 0.089 seconds
[2025-05-02T19:37:41.291+0000] {processor.py:161} INFO - Started process (PID=580) to work on /home/airflow/.local/lib/python3.12/site-packages/airflow/example_dags/example_subdag_operator.py
[2025-05-02T19:37:41.292+0000] {processor.py:830} INFO - Processing file /home/airflow/.local/lib/python3.12/site-packages/airflow/example_dags/example_subdag_operator.py for tasks to queue
[2025-05-02T19:37:41.294+0000] {logging_mixin.py:188} INFO - [2025-05-02T19:37:41.294+0000] {dagbag.py:540} INFO - Filling up the DagBag from /home/airflow/.local/lib/python3.12/site-packages/airflow/example_dags/example_subdag_operator.py
[2025-05-02T19:37:41.320+0000] {processor.py:840} INFO - DAG(s) 'example_subdag_operator.section-1', 'example_subdag_operator.section-2', 'example_subdag_operator' retrieved from /home/airflow/.local/lib/python3.12/site-packages/airflow/example_dags/example_subdag_operator.py
[2025-05-02T19:37:41.333+0000] {logging_mixin.py:188} INFO - [2025-05-02T19:37:41.332+0000] {dag.py:3096} INFO - Sync 3 DAGs
[2025-05-02T19:37:41.357+0000] {logging_mixin.py:188} INFO - [2025-05-02T19:37:41.356+0000] {dag.py:3954} INFO - Setting next_dagrun for example_subdag_operator to 2022-01-01 00:00:00+00:00, run_after=2022-01-01 00:00:00+00:00
[2025-05-02T19:37:41.360+0000] {logging_mixin.py:188} INFO - [2025-05-02T19:37:41.359+0000] {dag.py:3954} INFO - Setting next_dagrun for example_subdag_operator.section-1 to None, run_after=None
[2025-05-02T19:37:41.360+0000] {logging_mixin.py:188} INFO - [2025-05-02T19:37:41.360+0000] {dag.py:3954} INFO - Setting next_dagrun for example_subdag_operator.section-2 to None, run_after=None
[2025-05-02T19:37:41.366+0000] {logging_mixin.py:188} INFO - [2025-05-02T19:37:41.366+0000] {dag.py:3096} INFO - Sync 2 DAGs
[2025-05-02T19:37:41.371+0000] {logging_mixin.py:188} INFO - [2025-05-02T19:37:41.371+0000] {dag.py:3954} INFO - Setting next_dagrun for example_subdag_operator.section-1 to None, run_after=None
[2025-05-02T19:37:41.371+0000] {logging_mixin.py:188} INFO - [2025-05-02T19:37:41.371+0000] {dag.py:3954} INFO - Setting next_dagrun for example_subdag_operator.section-2 to None, run_after=None
[2025-05-02T19:37:41.381+0000] {processor.py:183} INFO - Processing /home/airflow/.local/lib/python3.12/site-packages/airflow/example_dags/example_subdag_operator.py took 0.097 seconds
[2025-05-02T19:38:11.528+0000] {processor.py:161} INFO - Started process (PID=637) to work on /home/airflow/.local/lib/python3.12/site-packages/airflow/example_dags/example_subdag_operator.py
[2025-05-02T19:38:11.529+0000] {processor.py:830} INFO - Processing file /home/airflow/.local/lib/python3.12/site-packages/airflow/example_dags/example_subdag_operator.py for tasks to queue
[2025-05-02T19:38:11.531+0000] {logging_mixin.py:188} INFO - [2025-05-02T19:38:11.531+0000] {dagbag.py:540} INFO - Filling up the DagBag from /home/airflow/.local/lib/python3.12/site-packages/airflow/example_dags/example_subdag_operator.py
[2025-05-02T19:38:11.551+0000] {processor.py:840} INFO - DAG(s) 'example_subdag_operator.section-1', 'example_subdag_operator.section-2', 'example_subdag_operator' retrieved from /home/airflow/.local/lib/python3.12/site-packages/airflow/example_dags/example_subdag_operator.py
[2025-05-02T19:38:11.564+0000] {logging_mixin.py:188} INFO - [2025-05-02T19:38:11.564+0000] {dag.py:3096} INFO - Sync 3 DAGs
[2025-05-02T19:38:11.584+0000] {logging_mixin.py:188} INFO - [2025-05-02T19:38:11.584+0000] {dag.py:3954} INFO - Setting next_dagrun for example_subdag_operator to 2022-01-01 00:00:00+00:00, run_after=2022-01-01 00:00:00+00:00
[2025-05-02T19:38:11.589+0000] {logging_mixin.py:188} INFO - [2025-05-02T19:38:11.588+0000] {dag.py:3954} INFO - Setting next_dagrun for example_subdag_operator.section-1 to None, run_after=None
[2025-05-02T19:38:11.590+0000] {logging_mixin.py:188} INFO - [2025-05-02T19:38:11.589+0000] {dag.py:3954} INFO - Setting next_dagrun for example_subdag_operator.section-2 to None, run_after=None
[2025-05-02T19:38:11.596+0000] {logging_mixin.py:188} INFO - [2025-05-02T19:38:11.595+0000] {dag.py:3096} INFO - Sync 2 DAGs
[2025-05-02T19:38:11.600+0000] {logging_mixin.py:188} INFO - [2025-05-02T19:38:11.600+0000] {dag.py:3954} INFO - Setting next_dagrun for example_subdag_operator.section-1 to None, run_after=None
[2025-05-02T19:38:11.600+0000] {logging_mixin.py:188} INFO - [2025-05-02T19:38:11.600+0000] {dag.py:3954} INFO - Setting next_dagrun for example_subdag_operator.section-2 to None, run_after=None
[2025-05-02T19:38:11.611+0000] {processor.py:183} INFO - Processing /home/airflow/.local/lib/python3.12/site-packages/airflow/example_dags/example_subdag_operator.py took 0.087 seconds
[2025-05-02T19:38:44.164+0000] {processor.py:161} INFO - Started process (PID=696) to work on /home/airflow/.local/lib/python3.12/site-packages/airflow/example_dags/example_subdag_operator.py
[2025-05-02T19:38:44.165+0000] {processor.py:830} INFO - Processing file /home/airflow/.local/lib/python3.12/site-packages/airflow/example_dags/example_subdag_operator.py for tasks to queue
[2025-05-02T19:38:44.167+0000] {logging_mixin.py:188} INFO - [2025-05-02T19:38:44.167+0000] {dagbag.py:540} INFO - Filling up the DagBag from /home/airflow/.local/lib/python3.12/site-packages/airflow/example_dags/example_subdag_operator.py
[2025-05-02T19:38:44.188+0000] {processor.py:840} INFO - DAG(s) 'example_subdag_operator.section-1', 'example_subdag_operator.section-2', 'example_subdag_operator' retrieved from /home/airflow/.local/lib/python3.12/site-packages/airflow/example_dags/example_subdag_operator.py
[2025-05-02T19:38:44.204+0000] {logging_mixin.py:188} INFO - [2025-05-02T19:38:44.203+0000] {dag.py:3096} INFO - Sync 3 DAGs
[2025-05-02T19:38:44.223+0000] {logging_mixin.py:188} INFO - [2025-05-02T19:38:44.223+0000] {dag.py:3954} INFO - Setting next_dagrun for example_subdag_operator to 2022-01-01 00:00:00+00:00, run_after=2022-01-01 00:00:00+00:00
[2025-05-02T19:38:44.226+0000] {logging_mixin.py:188} INFO - [2025-05-02T19:38:44.226+0000] {dag.py:3954} INFO - Setting next_dagrun for example_subdag_operator.section-1 to None, run_after=None
[2025-05-02T19:38:44.228+0000] {logging_mixin.py:188} INFO - [2025-05-02T19:38:44.228+0000] {dag.py:3954} INFO - Setting next_dagrun for example_subdag_operator.section-2 to None, run_after=None
[2025-05-02T19:38:44.235+0000] {logging_mixin.py:188} INFO - [2025-05-02T19:38:44.235+0000] {dag.py:3096} INFO - Sync 2 DAGs
[2025-05-02T19:38:44.239+0000] {logging_mixin.py:188} INFO - [2025-05-02T19:38:44.238+0000] {dag.py:3954} INFO - Setting next_dagrun for example_subdag_operator.section-1 to None, run_after=None
[2025-05-02T19:38:44.239+0000] {logging_mixin.py:188} INFO - [2025-05-02T19:38:44.239+0000] {dag.py:3954} INFO - Setting next_dagrun for example_subdag_operator.section-2 to None, run_after=None
[2025-05-02T19:38:44.251+0000] {processor.py:183} INFO - Processing /home/airflow/.local/lib/python3.12/site-packages/airflow/example_dags/example_subdag_operator.py took 0.091 seconds
[2025-05-02T19:39:14.707+0000] {processor.py:161} INFO - Started process (PID=754) to work on /home/airflow/.local/lib/python3.12/site-packages/airflow/example_dags/example_subdag_operator.py
[2025-05-02T19:39:14.708+0000] {processor.py:830} INFO - Processing file /home/airflow/.local/lib/python3.12/site-packages/airflow/example_dags/example_subdag_operator.py for tasks to queue
[2025-05-02T19:39:14.710+0000] {logging_mixin.py:188} INFO - [2025-05-02T19:39:14.709+0000] {dagbag.py:540} INFO - Filling up the DagBag from /home/airflow/.local/lib/python3.12/site-packages/airflow/example_dags/example_subdag_operator.py
[2025-05-02T19:39:14.730+0000] {processor.py:840} INFO - DAG(s) 'example_subdag_operator.section-1', 'example_subdag_operator.section-2', 'example_subdag_operator' retrieved from /home/airflow/.local/lib/python3.12/site-packages/airflow/example_dags/example_subdag_operator.py
[2025-05-02T19:39:14.745+0000] {logging_mixin.py:188} INFO - [2025-05-02T19:39:14.745+0000] {dag.py:3096} INFO - Sync 3 DAGs
[2025-05-02T19:39:14.769+0000] {logging_mixin.py:188} INFO - [2025-05-02T19:39:14.769+0000] {dag.py:3954} INFO - Setting next_dagrun for example_subdag_operator to 2022-01-01 00:00:00+00:00, run_after=2022-01-01 00:00:00+00:00
[2025-05-02T19:39:14.772+0000] {logging_mixin.py:188} INFO - [2025-05-02T19:39:14.772+0000] {dag.py:3954} INFO - Setting next_dagrun for example_subdag_operator.section-1 to None, run_after=None
[2025-05-02T19:39:14.774+0000] {logging_mixin.py:188} INFO - [2025-05-02T19:39:14.773+0000] {dag.py:3954} INFO - Setting next_dagrun for example_subdag_operator.section-2 to None, run_after=None
[2025-05-02T19:39:14.781+0000] {logging_mixin.py:188} INFO - [2025-05-02T19:39:14.781+0000] {dag.py:3096} INFO - Sync 2 DAGs
[2025-05-02T19:39:14.787+0000] {logging_mixin.py:188} INFO - [2025-05-02T19:39:14.786+0000] {dag.py:3954} INFO - Setting next_dagrun for example_subdag_operator.section-1 to None, run_after=None
[2025-05-02T19:39:14.787+0000] {logging_mixin.py:188} INFO - [2025-05-02T19:39:14.787+0000] {dag.py:3954} INFO - Setting next_dagrun for example_subdag_operator.section-2 to None, run_after=None
[2025-05-02T19:39:14.799+0000] {processor.py:183} INFO - Processing /home/airflow/.local/lib/python3.12/site-packages/airflow/example_dags/example_subdag_operator.py took 0.096 seconds
[2025-05-02T19:39:44.902+0000] {processor.py:161} INFO - Started process (PID=811) to work on /home/airflow/.local/lib/python3.12/site-packages/airflow/example_dags/example_subdag_operator.py
[2025-05-02T19:39:44.903+0000] {processor.py:830} INFO - Processing file /home/airflow/.local/lib/python3.12/site-packages/airflow/example_dags/example_subdag_operator.py for tasks to queue
[2025-05-02T19:39:44.905+0000] {logging_mixin.py:188} INFO - [2025-05-02T19:39:44.905+0000] {dagbag.py:540} INFO - Filling up the DagBag from /home/airflow/.local/lib/python3.12/site-packages/airflow/example_dags/example_subdag_operator.py
[2025-05-02T19:39:44.926+0000] {processor.py:840} INFO - DAG(s) 'example_subdag_operator.section-1', 'example_subdag_operator.section-2', 'example_subdag_operator' retrieved from /home/airflow/.local/lib/python3.12/site-packages/airflow/example_dags/example_subdag_operator.py
[2025-05-02T19:39:44.940+0000] {logging_mixin.py:188} INFO - [2025-05-02T19:39:44.939+0000] {dag.py:3096} INFO - Sync 3 DAGs
[2025-05-02T19:39:44.958+0000] {logging_mixin.py:188} INFO - [2025-05-02T19:39:44.958+0000] {dag.py:3954} INFO - Setting next_dagrun for example_subdag_operator to 2022-01-01 00:00:00+00:00, run_after=2022-01-01 00:00:00+00:00
[2025-05-02T19:39:44.961+0000] {logging_mixin.py:188} INFO - [2025-05-02T19:39:44.961+0000] {dag.py:3954} INFO - Setting next_dagrun for example_subdag_operator.section-1 to None, run_after=None
[2025-05-02T19:39:44.962+0000] {logging_mixin.py:188} INFO - [2025-05-02T19:39:44.962+0000] {dag.py:3954} INFO - Setting next_dagrun for example_subdag_operator.section-2 to None, run_after=None
[2025-05-02T19:39:44.967+0000] {logging_mixin.py:188} INFO - [2025-05-02T19:39:44.967+0000] {dag.py:3096} INFO - Sync 2 DAGs
[2025-05-02T19:39:44.970+0000] {logging_mixin.py:188} INFO - [2025-05-02T19:39:44.970+0000] {dag.py:3954} INFO - Setting next_dagrun for example_subdag_operator.section-1 to None, run_after=None
[2025-05-02T19:39:44.971+0000] {logging_mixin.py:188} INFO - [2025-05-02T19:39:44.971+0000] {dag.py:3954} INFO - Setting next_dagrun for example_subdag_operator.section-2 to None, run_after=None
[2025-05-02T19:39:44.980+0000] {processor.py:183} INFO - Processing /home/airflow/.local/lib/python3.12/site-packages/airflow/example_dags/example_subdag_operator.py took 0.083 seconds
[2025-05-02T19:40:15.537+0000] {processor.py:161} INFO - Started process (PID=869) to work on /home/airflow/.local/lib/python3.12/site-packages/airflow/example_dags/example_subdag_operator.py
[2025-05-02T19:40:15.538+0000] {processor.py:830} INFO - Processing file /home/airflow/.local/lib/python3.12/site-packages/airflow/example_dags/example_subdag_operator.py for tasks to queue
[2025-05-02T19:40:15.540+0000] {logging_mixin.py:188} INFO - [2025-05-02T19:40:15.540+0000] {dagbag.py:540} INFO - Filling up the DagBag from /home/airflow/.local/lib/python3.12/site-packages/airflow/example_dags/example_subdag_operator.py
[2025-05-02T19:40:15.561+0000] {processor.py:840} INFO - DAG(s) 'example_subdag_operator.section-1', 'example_subdag_operator.section-2', 'example_subdag_operator' retrieved from /home/airflow/.local/lib/python3.12/site-packages/airflow/example_dags/example_subdag_operator.py
[2025-05-02T19:40:15.577+0000] {logging_mixin.py:188} INFO - [2025-05-02T19:40:15.577+0000] {dag.py:3096} INFO - Sync 3 DAGs
[2025-05-02T19:40:15.596+0000] {logging_mixin.py:188} INFO - [2025-05-02T19:40:15.596+0000] {dag.py:3954} INFO - Setting next_dagrun for example_subdag_operator to 2022-01-01 00:00:00+00:00, run_after=2022-01-01 00:00:00+00:00
[2025-05-02T19:40:15.601+0000] {logging_mixin.py:188} INFO - [2025-05-02T19:40:15.601+0000] {dag.py:3954} INFO - Setting next_dagrun for example_subdag_operator.section-1 to None, run_after=None
[2025-05-02T19:40:15.602+0000] {logging_mixin.py:188} INFO - [2025-05-02T19:40:15.602+0000] {dag.py:3954} INFO - Setting next_dagrun for example_subdag_operator.section-2 to None, run_after=None
[2025-05-02T19:40:15.608+0000] {logging_mixin.py:188} INFO - [2025-05-02T19:40:15.608+0000] {dag.py:3096} INFO - Sync 2 DAGs
[2025-05-02T19:40:15.611+0000] {logging_mixin.py:188} INFO - [2025-05-02T19:40:15.611+0000] {dag.py:3954} INFO - Setting next_dagrun for example_subdag_operator.section-1 to None, run_after=None
[2025-05-02T19:40:15.611+0000] {logging_mixin.py:188} INFO - [2025-05-02T19:40:15.611+0000] {dag.py:3954} INFO - Setting next_dagrun for example_subdag_operator.section-2 to None, run_after=None
[2025-05-02T19:40:15.622+0000] {processor.py:183} INFO - Processing /home/airflow/.local/lib/python3.12/site-packages/airflow/example_dags/example_subdag_operator.py took 0.090 seconds
[2025-05-02T19:40:46.197+0000] {processor.py:161} INFO - Started process (PID=927) to work on /home/airflow/.local/lib/python3.12/site-packages/airflow/example_dags/example_subdag_operator.py
[2025-05-02T19:40:46.199+0000] {processor.py:830} INFO - Processing file /home/airflow/.local/lib/python3.12/site-packages/airflow/example_dags/example_subdag_operator.py for tasks to queue
[2025-05-02T19:40:46.200+0000] {logging_mixin.py:188} INFO - [2025-05-02T19:40:46.200+0000] {dagbag.py:540} INFO - Filling up the DagBag from /home/airflow/.local/lib/python3.12/site-packages/airflow/example_dags/example_subdag_operator.py
[2025-05-02T19:40:46.225+0000] {processor.py:840} INFO - DAG(s) 'example_subdag_operator.section-1', 'example_subdag_operator.section-2', 'example_subdag_operator' retrieved from /home/airflow/.local/lib/python3.12/site-packages/airflow/example_dags/example_subdag_operator.py
[2025-05-02T19:40:46.243+0000] {logging_mixin.py:188} INFO - [2025-05-02T19:40:46.243+0000] {dag.py:3096} INFO - Sync 3 DAGs
[2025-05-02T19:40:46.273+0000] {logging_mixin.py:188} INFO - [2025-05-02T19:40:46.273+0000] {dag.py:3954} INFO - Setting next_dagrun for example_subdag_operator to 2022-01-01 00:00:00+00:00, run_after=2022-01-01 00:00:00+00:00
[2025-05-02T19:40:46.278+0000] {logging_mixin.py:188} INFO - [2025-05-02T19:40:46.278+0000] {dag.py:3954} INFO - Setting next_dagrun for example_subdag_operator.section-1 to None, run_after=None
[2025-05-02T19:40:46.280+0000] {logging_mixin.py:188} INFO - [2025-05-02T19:40:46.279+0000] {dag.py:3954} INFO - Setting next_dagrun for example_subdag_operator.section-2 to None, run_after=None
[2025-05-02T19:40:46.286+0000] {logging_mixin.py:188} INFO - [2025-05-02T19:40:46.285+0000] {dag.py:3096} INFO - Sync 2 DAGs
[2025-05-02T19:40:46.292+0000] {logging_mixin.py:188} INFO - [2025-05-02T19:40:46.292+0000] {dag.py:3954} INFO - Setting next_dagrun for example_subdag_operator.section-1 to None, run_after=None
[2025-05-02T19:40:46.292+0000] {logging_mixin.py:188} INFO - [2025-05-02T19:40:46.292+0000] {dag.py:3954} INFO - Setting next_dagrun for example_subdag_operator.section-2 to None, run_after=None
[2025-05-02T19:40:46.304+0000] {processor.py:183} INFO - Processing /home/airflow/.local/lib/python3.12/site-packages/airflow/example_dags/example_subdag_operator.py took 0.112 seconds
[2025-05-02T19:41:16.699+0000] {processor.py:161} INFO - Started process (PID=979) to work on /home/airflow/.local/lib/python3.12/site-packages/airflow/example_dags/example_subdag_operator.py
[2025-05-02T19:41:16.699+0000] {processor.py:830} INFO - Processing file /home/airflow/.local/lib/python3.12/site-packages/airflow/example_dags/example_subdag_operator.py for tasks to queue
[2025-05-02T19:41:16.701+0000] {logging_mixin.py:188} INFO - [2025-05-02T19:41:16.701+0000] {dagbag.py:540} INFO - Filling up the DagBag from /home/airflow/.local/lib/python3.12/site-packages/airflow/example_dags/example_subdag_operator.py
[2025-05-02T19:41:16.721+0000] {processor.py:840} INFO - DAG(s) 'example_subdag_operator.section-1', 'example_subdag_operator.section-2', 'example_subdag_operator' retrieved from /home/airflow/.local/lib/python3.12/site-packages/airflow/example_dags/example_subdag_operator.py
[2025-05-02T19:41:16.734+0000] {logging_mixin.py:188} INFO - [2025-05-02T19:41:16.734+0000] {dag.py:3096} INFO - Sync 3 DAGs
[2025-05-02T19:41:16.758+0000] {logging_mixin.py:188} INFO - [2025-05-02T19:41:16.758+0000] {dag.py:3954} INFO - Setting next_dagrun for example_subdag_operator to 2022-01-01 00:00:00+00:00, run_after=2022-01-01 00:00:00+00:00
[2025-05-02T19:41:16.761+0000] {logging_mixin.py:188} INFO - [2025-05-02T19:41:16.761+0000] {dag.py:3954} INFO - Setting next_dagrun for example_subdag_operator.section-1 to None, run_after=None
[2025-05-02T19:41:16.762+0000] {logging_mixin.py:188} INFO - [2025-05-02T19:41:16.762+0000] {dag.py:3954} INFO - Setting next_dagrun for example_subdag_operator.section-2 to None, run_after=None
[2025-05-02T19:41:16.771+0000] {logging_mixin.py:188} INFO - [2025-05-02T19:41:16.770+0000] {dag.py:3096} INFO - Sync 2 DAGs
[2025-05-02T19:41:16.776+0000] {logging_mixin.py:188} INFO - [2025-05-02T19:41:16.776+0000] {dag.py:3954} INFO - Setting next_dagrun for example_subdag_operator.section-1 to None, run_after=None
[2025-05-02T19:41:16.777+0000] {logging_mixin.py:188} INFO - [2025-05-02T19:41:16.776+0000] {dag.py:3954} INFO - Setting next_dagrun for example_subdag_operator.section-2 to None, run_after=None
[2025-05-02T19:41:16.786+0000] {processor.py:183} INFO - Processing /home/airflow/.local/lib/python3.12/site-packages/airflow/example_dags/example_subdag_operator.py took 0.092 seconds
[2025-05-02T19:41:47.375+0000] {processor.py:161} INFO - Started process (PID=1037) to work on /home/airflow/.local/lib/python3.12/site-packages/airflow/example_dags/example_subdag_operator.py
[2025-05-02T19:41:47.376+0000] {processor.py:830} INFO - Processing file /home/airflow/.local/lib/python3.12/site-packages/airflow/example_dags/example_subdag_operator.py for tasks to queue
[2025-05-02T19:41:47.378+0000] {logging_mixin.py:188} INFO - [2025-05-02T19:41:47.378+0000] {dagbag.py:540} INFO - Filling up the DagBag from /home/airflow/.local/lib/python3.12/site-packages/airflow/example_dags/example_subdag_operator.py
[2025-05-02T19:41:47.400+0000] {processor.py:840} INFO - DAG(s) 'example_subdag_operator.section-1', 'example_subdag_operator.section-2', 'example_subdag_operator' retrieved from /home/airflow/.local/lib/python3.12/site-packages/airflow/example_dags/example_subdag_operator.py
[2025-05-02T19:41:47.417+0000] {logging_mixin.py:188} INFO - [2025-05-02T19:41:47.417+0000] {dag.py:3096} INFO - Sync 3 DAGs
[2025-05-02T19:41:47.445+0000] {logging_mixin.py:188} INFO - [2025-05-02T19:41:47.444+0000] {dag.py:3954} INFO - Setting next_dagrun for example_subdag_operator to 2022-01-01 00:00:00+00:00, run_after=2022-01-01 00:00:00+00:00
[2025-05-02T19:41:47.450+0000] {logging_mixin.py:188} INFO - [2025-05-02T19:41:47.450+0000] {dag.py:3954} INFO - Setting next_dagrun for example_subdag_operator.section-1 to None, run_after=None
[2025-05-02T19:41:47.451+0000] {logging_mixin.py:188} INFO - [2025-05-02T19:41:47.451+0000] {dag.py:3954} INFO - Setting next_dagrun for example_subdag_operator.section-2 to None, run_after=None
[2025-05-02T19:41:47.458+0000] {logging_mixin.py:188} INFO - [2025-05-02T19:41:47.458+0000] {dag.py:3096} INFO - Sync 2 DAGs
[2025-05-02T19:41:47.462+0000] {logging_mixin.py:188} INFO - [2025-05-02T19:41:47.462+0000] {dag.py:3954} INFO - Setting next_dagrun for example_subdag_operator.section-1 to None, run_after=None
[2025-05-02T19:41:47.463+0000] {logging_mixin.py:188} INFO - [2025-05-02T19:41:47.463+0000] {dag.py:3954} INFO - Setting next_dagrun for example_subdag_operator.section-2 to None, run_after=None
[2025-05-02T19:41:47.472+0000] {processor.py:183} INFO - Processing /home/airflow/.local/lib/python3.12/site-packages/airflow/example_dags/example_subdag_operator.py took 0.105 seconds
[2025-05-02T19:42:17.876+0000] {processor.py:161} INFO - Started process (PID=1095) to work on /home/airflow/.local/lib/python3.12/site-packages/airflow/example_dags/example_subdag_operator.py
[2025-05-02T19:42:17.877+0000] {processor.py:830} INFO - Processing file /home/airflow/.local/lib/python3.12/site-packages/airflow/example_dags/example_subdag_operator.py for tasks to queue
[2025-05-02T19:42:17.878+0000] {logging_mixin.py:188} INFO - [2025-05-02T19:42:17.878+0000] {dagbag.py:540} INFO - Filling up the DagBag from /home/airflow/.local/lib/python3.12/site-packages/airflow/example_dags/example_subdag_operator.py
[2025-05-02T19:42:17.899+0000] {processor.py:840} INFO - DAG(s) 'example_subdag_operator.section-1', 'example_subdag_operator.section-2', 'example_subdag_operator' retrieved from /home/airflow/.local/lib/python3.12/site-packages/airflow/example_dags/example_subdag_operator.py
[2025-05-02T19:42:17.911+0000] {logging_mixin.py:188} INFO - [2025-05-02T19:42:17.911+0000] {dag.py:3096} INFO - Sync 3 DAGs
[2025-05-02T19:42:17.928+0000] {logging_mixin.py:188} INFO - [2025-05-02T19:42:17.927+0000] {dag.py:3954} INFO - Setting next_dagrun for example_subdag_operator to 2022-01-01 00:00:00+00:00, run_after=2022-01-01 00:00:00+00:00
[2025-05-02T19:42:17.930+0000] {logging_mixin.py:188} INFO - [2025-05-02T19:42:17.930+0000] {dag.py:3954} INFO - Setting next_dagrun for example_subdag_operator.section-1 to None, run_after=None
[2025-05-02T19:42:17.931+0000] {logging_mixin.py:188} INFO - [2025-05-02T19:42:17.931+0000] {dag.py:3954} INFO - Setting next_dagrun for example_subdag_operator.section-2 to None, run_after=None
[2025-05-02T19:42:17.937+0000] {logging_mixin.py:188} INFO - [2025-05-02T19:42:17.937+0000] {dag.py:3096} INFO - Sync 2 DAGs
[2025-05-02T19:42:17.942+0000] {logging_mixin.py:188} INFO - [2025-05-02T19:42:17.942+0000] {dag.py:3954} INFO - Setting next_dagrun for example_subdag_operator.section-1 to None, run_after=None
[2025-05-02T19:42:17.943+0000] {logging_mixin.py:188} INFO - [2025-05-02T19:42:17.943+0000] {dag.py:3954} INFO - Setting next_dagrun for example_subdag_operator.section-2 to None, run_after=None
[2025-05-02T19:42:17.952+0000] {processor.py:183} INFO - Processing /home/airflow/.local/lib/python3.12/site-packages/airflow/example_dags/example_subdag_operator.py took 0.081 seconds
[2025-05-02T19:42:49.610+0000] {processor.py:161} INFO - Started process (PID=1154) to work on /home/airflow/.local/lib/python3.12/site-packages/airflow/example_dags/example_subdag_operator.py
[2025-05-02T19:42:49.611+0000] {processor.py:830} INFO - Processing file /home/airflow/.local/lib/python3.12/site-packages/airflow/example_dags/example_subdag_operator.py for tasks to queue
[2025-05-02T19:42:49.613+0000] {logging_mixin.py:188} INFO - [2025-05-02T19:42:49.613+0000] {dagbag.py:540} INFO - Filling up the DagBag from /home/airflow/.local/lib/python3.12/site-packages/airflow/example_dags/example_subdag_operator.py
[2025-05-02T19:42:49.637+0000] {processor.py:840} INFO - DAG(s) 'example_subdag_operator.section-1', 'example_subdag_operator.section-2', 'example_subdag_operator' retrieved from /home/airflow/.local/lib/python3.12/site-packages/airflow/example_dags/example_subdag_operator.py
[2025-05-02T19:42:49.649+0000] {logging_mixin.py:188} INFO - [2025-05-02T19:42:49.648+0000] {dag.py:3096} INFO - Sync 3 DAGs
[2025-05-02T19:42:49.672+0000] {logging_mixin.py:188} INFO - [2025-05-02T19:42:49.672+0000] {dag.py:3954} INFO - Setting next_dagrun for example_subdag_operator to 2022-01-01 00:00:00+00:00, run_after=2022-01-01 00:00:00+00:00
[2025-05-02T19:42:49.676+0000] {logging_mixin.py:188} INFO - [2025-05-02T19:42:49.676+0000] {dag.py:3954} INFO - Setting next_dagrun for example_subdag_operator.section-1 to None, run_after=None
[2025-05-02T19:42:49.677+0000] {logging_mixin.py:188} INFO - [2025-05-02T19:42:49.677+0000] {dag.py:3954} INFO - Setting next_dagrun for example_subdag_operator.section-2 to None, run_after=None
[2025-05-02T19:42:49.686+0000] {logging_mixin.py:188} INFO - [2025-05-02T19:42:49.686+0000] {dag.py:3096} INFO - Sync 2 DAGs
[2025-05-02T19:42:49.693+0000] {logging_mixin.py:188} INFO - [2025-05-02T19:42:49.692+0000] {dag.py:3954} INFO - Setting next_dagrun for example_subdag_operator.section-1 to None, run_after=None
[2025-05-02T19:42:49.693+0000] {logging_mixin.py:188} INFO - [2025-05-02T19:42:49.693+0000] {dag.py:3954} INFO - Setting next_dagrun for example_subdag_operator.section-2 to None, run_after=None
[2025-05-02T19:42:49.705+0000] {processor.py:183} INFO - Processing /home/airflow/.local/lib/python3.12/site-packages/airflow/example_dags/example_subdag_operator.py took 0.100 seconds
[2025-05-02T19:43:19.860+0000] {processor.py:161} INFO - Started process (PID=1213) to work on /home/airflow/.local/lib/python3.12/site-packages/airflow/example_dags/example_subdag_operator.py
[2025-05-02T19:43:19.861+0000] {processor.py:830} INFO - Processing file /home/airflow/.local/lib/python3.12/site-packages/airflow/example_dags/example_subdag_operator.py for tasks to queue
[2025-05-02T19:43:19.862+0000] {logging_mixin.py:188} INFO - [2025-05-02T19:43:19.862+0000] {dagbag.py:540} INFO - Filling up the DagBag from /home/airflow/.local/lib/python3.12/site-packages/airflow/example_dags/example_subdag_operator.py
[2025-05-02T19:43:19.880+0000] {processor.py:840} INFO - DAG(s) 'example_subdag_operator.section-1', 'example_subdag_operator.section-2', 'example_subdag_operator' retrieved from /home/airflow/.local/lib/python3.12/site-packages/airflow/example_dags/example_subdag_operator.py
[2025-05-02T19:43:19.890+0000] {logging_mixin.py:188} INFO - [2025-05-02T19:43:19.890+0000] {dag.py:3096} INFO - Sync 3 DAGs
[2025-05-02T19:43:19.908+0000] {logging_mixin.py:188} INFO - [2025-05-02T19:43:19.908+0000] {dag.py:3954} INFO - Setting next_dagrun for example_subdag_operator to 2022-01-01 00:00:00+00:00, run_after=2022-01-01 00:00:00+00:00
[2025-05-02T19:43:19.911+0000] {logging_mixin.py:188} INFO - [2025-05-02T19:43:19.911+0000] {dag.py:3954} INFO - Setting next_dagrun for example_subdag_operator.section-1 to None, run_after=None
[2025-05-02T19:43:19.913+0000] {logging_mixin.py:188} INFO - [2025-05-02T19:43:19.912+0000] {dag.py:3954} INFO - Setting next_dagrun for example_subdag_operator.section-2 to None, run_after=None
[2025-05-02T19:43:19.921+0000] {logging_mixin.py:188} INFO - [2025-05-02T19:43:19.921+0000] {dag.py:3096} INFO - Sync 2 DAGs
[2025-05-02T19:43:19.926+0000] {logging_mixin.py:188} INFO - [2025-05-02T19:43:19.925+0000] {dag.py:3954} INFO - Setting next_dagrun for example_subdag_operator.section-1 to None, run_after=None
[2025-05-02T19:43:19.926+0000] {logging_mixin.py:188} INFO - [2025-05-02T19:43:19.926+0000] {dag.py:3954} INFO - Setting next_dagrun for example_subdag_operator.section-2 to None, run_after=None
[2025-05-02T19:43:19.937+0000] {processor.py:183} INFO - Processing /home/airflow/.local/lib/python3.12/site-packages/airflow/example_dags/example_subdag_operator.py took 0.082 seconds
[2025-05-02T19:43:50.567+0000] {processor.py:161} INFO - Started process (PID=1273) to work on /home/airflow/.local/lib/python3.12/site-packages/airflow/example_dags/example_subdag_operator.py
[2025-05-02T19:43:50.568+0000] {processor.py:830} INFO - Processing file /home/airflow/.local/lib/python3.12/site-packages/airflow/example_dags/example_subdag_operator.py for tasks to queue
[2025-05-02T19:43:50.570+0000] {logging_mixin.py:188} INFO - [2025-05-02T19:43:50.569+0000] {dagbag.py:540} INFO - Filling up the DagBag from /home/airflow/.local/lib/python3.12/site-packages/airflow/example_dags/example_subdag_operator.py
[2025-05-02T19:43:50.590+0000] {processor.py:840} INFO - DAG(s) 'example_subdag_operator.section-1', 'example_subdag_operator.section-2', 'example_subdag_operator' retrieved from /home/airflow/.local/lib/python3.12/site-packages/airflow/example_dags/example_subdag_operator.py
[2025-05-02T19:43:50.604+0000] {logging_mixin.py:188} INFO - [2025-05-02T19:43:50.603+0000] {dag.py:3096} INFO - Sync 3 DAGs
[2025-05-02T19:43:50.623+0000] {logging_mixin.py:188} INFO - [2025-05-02T19:43:50.623+0000] {dag.py:3954} INFO - Setting next_dagrun for example_subdag_operator to 2022-01-01 00:00:00+00:00, run_after=2022-01-01 00:00:00+00:00
[2025-05-02T19:43:50.627+0000] {logging_mixin.py:188} INFO - [2025-05-02T19:43:50.627+0000] {dag.py:3954} INFO - Setting next_dagrun for example_subdag_operator.section-1 to None, run_after=None
[2025-05-02T19:43:50.628+0000] {logging_mixin.py:188} INFO - [2025-05-02T19:43:50.628+0000] {dag.py:3954} INFO - Setting next_dagrun for example_subdag_operator.section-2 to None, run_after=None
[2025-05-02T19:43:50.635+0000] {logging_mixin.py:188} INFO - [2025-05-02T19:43:50.635+0000] {dag.py:3096} INFO - Sync 2 DAGs
[2025-05-02T19:43:50.640+0000] {logging_mixin.py:188} INFO - [2025-05-02T19:43:50.640+0000] {dag.py:3954} INFO - Setting next_dagrun for example_subdag_operator.section-1 to None, run_after=None
[2025-05-02T19:43:50.640+0000] {logging_mixin.py:188} INFO - [2025-05-02T19:43:50.640+0000] {dag.py:3954} INFO - Setting next_dagrun for example_subdag_operator.section-2 to None, run_after=None
[2025-05-02T19:43:50.651+0000] {processor.py:183} INFO - Processing /home/airflow/.local/lib/python3.12/site-packages/airflow/example_dags/example_subdag_operator.py took 0.088 seconds
[2025-05-02T19:44:22.132+0000] {processor.py:161} INFO - Started process (PID=1369) to work on /home/airflow/.local/lib/python3.12/site-packages/airflow/example_dags/example_subdag_operator.py
[2025-05-02T19:44:22.133+0000] {processor.py:830} INFO - Processing file /home/airflow/.local/lib/python3.12/site-packages/airflow/example_dags/example_subdag_operator.py for tasks to queue
[2025-05-02T19:44:22.137+0000] {logging_mixin.py:188} INFO - [2025-05-02T19:44:22.136+0000] {dagbag.py:540} INFO - Filling up the DagBag from /home/airflow/.local/lib/python3.12/site-packages/airflow/example_dags/example_subdag_operator.py
[2025-05-02T19:44:22.182+0000] {processor.py:840} INFO - DAG(s) 'example_subdag_operator.section-1', 'example_subdag_operator.section-2', 'example_subdag_operator' retrieved from /home/airflow/.local/lib/python3.12/site-packages/airflow/example_dags/example_subdag_operator.py
[2025-05-02T19:44:22.222+0000] {logging_mixin.py:188} INFO - [2025-05-02T19:44:22.221+0000] {dag.py:3096} INFO - Sync 3 DAGs
[2025-05-02T19:44:22.275+0000] {logging_mixin.py:188} INFO - [2025-05-02T19:44:22.275+0000] {dag.py:3954} INFO - Setting next_dagrun for example_subdag_operator to 2022-01-01 00:00:00+00:00, run_after=2022-01-01 00:00:00+00:00
[2025-05-02T19:44:22.283+0000] {logging_mixin.py:188} INFO - [2025-05-02T19:44:22.282+0000] {dag.py:3954} INFO - Setting next_dagrun for example_subdag_operator.section-1 to None, run_after=None
[2025-05-02T19:44:22.286+0000] {logging_mixin.py:188} INFO - [2025-05-02T19:44:22.286+0000] {dag.py:3954} INFO - Setting next_dagrun for example_subdag_operator.section-2 to None, run_after=None
[2025-05-02T19:44:22.300+0000] {logging_mixin.py:188} INFO - [2025-05-02T19:44:22.299+0000] {dag.py:3096} INFO - Sync 2 DAGs
[2025-05-02T19:44:22.309+0000] {logging_mixin.py:188} INFO - [2025-05-02T19:44:22.309+0000] {dag.py:3954} INFO - Setting next_dagrun for example_subdag_operator.section-1 to None, run_after=None
[2025-05-02T19:44:22.310+0000] {logging_mixin.py:188} INFO - [2025-05-02T19:44:22.310+0000] {dag.py:3954} INFO - Setting next_dagrun for example_subdag_operator.section-2 to None, run_after=None
[2025-05-02T19:44:22.333+0000] {processor.py:183} INFO - Processing /home/airflow/.local/lib/python3.12/site-packages/airflow/example_dags/example_subdag_operator.py took 0.212 seconds
[2025-05-02T19:44:53.709+0000] {processor.py:161} INFO - Started process (PID=1471) to work on /home/airflow/.local/lib/python3.12/site-packages/airflow/example_dags/example_subdag_operator.py
[2025-05-02T19:44:53.730+0000] {processor.py:830} INFO - Processing file /home/airflow/.local/lib/python3.12/site-packages/airflow/example_dags/example_subdag_operator.py for tasks to queue
[2025-05-02T19:44:53.736+0000] {logging_mixin.py:188} INFO - [2025-05-02T19:44:53.735+0000] {dagbag.py:540} INFO - Filling up the DagBag from /home/airflow/.local/lib/python3.12/site-packages/airflow/example_dags/example_subdag_operator.py
[2025-05-02T19:44:53.847+0000] {processor.py:840} INFO - DAG(s) 'example_subdag_operator.section-1', 'example_subdag_operator.section-2', 'example_subdag_operator' retrieved from /home/airflow/.local/lib/python3.12/site-packages/airflow/example_dags/example_subdag_operator.py
[2025-05-02T19:44:53.898+0000] {logging_mixin.py:188} INFO - [2025-05-02T19:44:53.898+0000] {dag.py:3096} INFO - Sync 3 DAGs
[2025-05-02T19:44:53.966+0000] {logging_mixin.py:188} INFO - [2025-05-02T19:44:53.965+0000] {dag.py:3954} INFO - Setting next_dagrun for example_subdag_operator to 2022-01-01 00:00:00+00:00, run_after=2022-01-01 00:00:00+00:00
[2025-05-02T19:44:53.975+0000] {logging_mixin.py:188} INFO - [2025-05-02T19:44:53.975+0000] {dag.py:3954} INFO - Setting next_dagrun for example_subdag_operator.section-1 to None, run_after=None
[2025-05-02T19:44:53.977+0000] {logging_mixin.py:188} INFO - [2025-05-02T19:44:53.977+0000] {dag.py:3954} INFO - Setting next_dagrun for example_subdag_operator.section-2 to None, run_after=None
[2025-05-02T19:44:53.993+0000] {logging_mixin.py:188} INFO - [2025-05-02T19:44:53.993+0000] {dag.py:3096} INFO - Sync 2 DAGs
[2025-05-02T19:44:54.002+0000] {logging_mixin.py:188} INFO - [2025-05-02T19:44:54.001+0000] {dag.py:3954} INFO - Setting next_dagrun for example_subdag_operator.section-1 to None, run_after=None
[2025-05-02T19:44:54.002+0000] {logging_mixin.py:188} INFO - [2025-05-02T19:44:54.002+0000] {dag.py:3954} INFO - Setting next_dagrun for example_subdag_operator.section-2 to None, run_after=None
[2025-05-02T19:44:54.023+0000] {processor.py:183} INFO - Processing /home/airflow/.local/lib/python3.12/site-packages/airflow/example_dags/example_subdag_operator.py took 0.325 seconds
[2025-05-02T19:45:24.623+0000] {processor.py:161} INFO - Started process (PID=1560) to work on /home/airflow/.local/lib/python3.12/site-packages/airflow/example_dags/example_subdag_operator.py
[2025-05-02T19:45:24.634+0000] {processor.py:830} INFO - Processing file /home/airflow/.local/lib/python3.12/site-packages/airflow/example_dags/example_subdag_operator.py for tasks to queue
[2025-05-02T19:45:24.644+0000] {logging_mixin.py:188} INFO - [2025-05-02T19:45:24.637+0000] {dagbag.py:540} INFO - Filling up the DagBag from /home/airflow/.local/lib/python3.12/site-packages/airflow/example_dags/example_subdag_operator.py
[2025-05-02T19:45:24.799+0000] {processor.py:840} INFO - DAG(s) 'example_subdag_operator.section-1', 'example_subdag_operator.section-2', 'example_subdag_operator' retrieved from /home/airflow/.local/lib/python3.12/site-packages/airflow/example_dags/example_subdag_operator.py
[2025-05-02T19:45:24.864+0000] {logging_mixin.py:188} INFO - [2025-05-02T19:45:24.863+0000] {dag.py:3096} INFO - Sync 3 DAGs
[2025-05-02T19:45:25.066+0000] {logging_mixin.py:188} INFO - [2025-05-02T19:45:25.066+0000] {dag.py:3954} INFO - Setting next_dagrun for example_subdag_operator to 2022-01-01 00:00:00+00:00, run_after=2022-01-01 00:00:00+00:00
[2025-05-02T19:45:25.079+0000] {logging_mixin.py:188} INFO - [2025-05-02T19:45:25.078+0000] {dag.py:3954} INFO - Setting next_dagrun for example_subdag_operator.section-1 to None, run_after=None
[2025-05-02T19:45:25.091+0000] {logging_mixin.py:188} INFO - [2025-05-02T19:45:25.090+0000] {dag.py:3954} INFO - Setting next_dagrun for example_subdag_operator.section-2 to None, run_after=None
[2025-05-02T19:45:25.115+0000] {logging_mixin.py:188} INFO - [2025-05-02T19:45:25.114+0000] {dag.py:3096} INFO - Sync 2 DAGs
[2025-05-02T19:45:25.131+0000] {logging_mixin.py:188} INFO - [2025-05-02T19:45:25.131+0000] {dag.py:3954} INFO - Setting next_dagrun for example_subdag_operator.section-1 to None, run_after=None
[2025-05-02T19:45:25.132+0000] {logging_mixin.py:188} INFO - [2025-05-02T19:45:25.132+0000] {dag.py:3954} INFO - Setting next_dagrun for example_subdag_operator.section-2 to None, run_after=None
[2025-05-02T19:45:25.193+0000] {processor.py:183} INFO - Processing /home/airflow/.local/lib/python3.12/site-packages/airflow/example_dags/example_subdag_operator.py took 0.590 seconds
[2025-05-02T19:45:55.872+0000] {processor.py:161} INFO - Started process (PID=1662) to work on /home/airflow/.local/lib/python3.12/site-packages/airflow/example_dags/example_subdag_operator.py
[2025-05-02T19:45:55.875+0000] {processor.py:830} INFO - Processing file /home/airflow/.local/lib/python3.12/site-packages/airflow/example_dags/example_subdag_operator.py for tasks to queue
[2025-05-02T19:45:55.878+0000] {logging_mixin.py:188} INFO - [2025-05-02T19:45:55.877+0000] {dagbag.py:540} INFO - Filling up the DagBag from /home/airflow/.local/lib/python3.12/site-packages/airflow/example_dags/example_subdag_operator.py
[2025-05-02T19:45:55.928+0000] {processor.py:840} INFO - DAG(s) 'example_subdag_operator.section-1', 'example_subdag_operator.section-2', 'example_subdag_operator' retrieved from /home/airflow/.local/lib/python3.12/site-packages/airflow/example_dags/example_subdag_operator.py
[2025-05-02T19:45:55.963+0000] {logging_mixin.py:188} INFO - [2025-05-02T19:45:55.962+0000] {dag.py:3096} INFO - Sync 3 DAGs
[2025-05-02T19:45:56.027+0000] {logging_mixin.py:188} INFO - [2025-05-02T19:45:56.027+0000] {dag.py:3954} INFO - Setting next_dagrun for example_subdag_operator to 2022-01-01 00:00:00+00:00, run_after=2022-01-01 00:00:00+00:00
[2025-05-02T19:45:56.039+0000] {logging_mixin.py:188} INFO - [2025-05-02T19:45:56.039+0000] {dag.py:3954} INFO - Setting next_dagrun for example_subdag_operator.section-1 to None, run_after=None
[2025-05-02T19:45:56.042+0000] {logging_mixin.py:188} INFO - [2025-05-02T19:45:56.041+0000] {dag.py:3954} INFO - Setting next_dagrun for example_subdag_operator.section-2 to None, run_after=None
[2025-05-02T19:45:56.062+0000] {logging_mixin.py:188} INFO - [2025-05-02T19:45:56.061+0000] {dag.py:3096} INFO - Sync 2 DAGs
[2025-05-02T19:45:56.082+0000] {logging_mixin.py:188} INFO - [2025-05-02T19:45:56.082+0000] {dag.py:3954} INFO - Setting next_dagrun for example_subdag_operator.section-1 to None, run_after=None
[2025-05-02T19:45:56.083+0000] {logging_mixin.py:188} INFO - [2025-05-02T19:45:56.083+0000] {dag.py:3954} INFO - Setting next_dagrun for example_subdag_operator.section-2 to None, run_after=None
[2025-05-02T19:45:56.115+0000] {processor.py:183} INFO - Processing /home/airflow/.local/lib/python3.12/site-packages/airflow/example_dags/example_subdag_operator.py took 0.256 seconds
[2025-05-02T19:46:26.268+0000] {processor.py:161} INFO - Started process (PID=1765) to work on /home/airflow/.local/lib/python3.12/site-packages/airflow/example_dags/example_subdag_operator.py
[2025-05-02T19:46:26.269+0000] {processor.py:830} INFO - Processing file /home/airflow/.local/lib/python3.12/site-packages/airflow/example_dags/example_subdag_operator.py for tasks to queue
[2025-05-02T19:46:26.274+0000] {logging_mixin.py:188} INFO - [2025-05-02T19:46:26.273+0000] {dagbag.py:540} INFO - Filling up the DagBag from /home/airflow/.local/lib/python3.12/site-packages/airflow/example_dags/example_subdag_operator.py
[2025-05-02T19:46:26.321+0000] {processor.py:840} INFO - DAG(s) 'example_subdag_operator.section-1', 'example_subdag_operator.section-2', 'example_subdag_operator' retrieved from /home/airflow/.local/lib/python3.12/site-packages/airflow/example_dags/example_subdag_operator.py
[2025-05-02T19:46:26.376+0000] {logging_mixin.py:188} INFO - [2025-05-02T19:46:26.375+0000] {dag.py:3096} INFO - Sync 3 DAGs
[2025-05-02T19:46:26.435+0000] {logging_mixin.py:188} INFO - [2025-05-02T19:46:26.434+0000] {dag.py:3954} INFO - Setting next_dagrun for example_subdag_operator to 2022-01-01 00:00:00+00:00, run_after=2022-01-01 00:00:00+00:00
[2025-05-02T19:46:26.455+0000] {logging_mixin.py:188} INFO - [2025-05-02T19:46:26.454+0000] {dag.py:3954} INFO - Setting next_dagrun for example_subdag_operator.section-1 to None, run_after=None
[2025-05-02T19:46:26.457+0000] {logging_mixin.py:188} INFO - [2025-05-02T19:46:26.457+0000] {dag.py:3954} INFO - Setting next_dagrun for example_subdag_operator.section-2 to None, run_after=None
[2025-05-02T19:46:26.516+0000] {logging_mixin.py:188} INFO - [2025-05-02T19:46:26.515+0000] {dag.py:3096} INFO - Sync 2 DAGs
[2025-05-02T19:46:26.532+0000] {logging_mixin.py:188} INFO - [2025-05-02T19:46:26.531+0000] {dag.py:3954} INFO - Setting next_dagrun for example_subdag_operator.section-1 to None, run_after=None
[2025-05-02T19:46:26.533+0000] {logging_mixin.py:188} INFO - [2025-05-02T19:46:26.532+0000] {dag.py:3954} INFO - Setting next_dagrun for example_subdag_operator.section-2 to None, run_after=None
[2025-05-02T19:46:26.619+0000] {processor.py:183} INFO - Processing /home/airflow/.local/lib/python3.12/site-packages/airflow/example_dags/example_subdag_operator.py took 0.363 seconds
[2025-05-02T19:46:57.494+0000] {processor.py:161} INFO - Started process (PID=1886) to work on /home/airflow/.local/lib/python3.12/site-packages/airflow/example_dags/example_subdag_operator.py
[2025-05-02T19:46:57.495+0000] {processor.py:830} INFO - Processing file /home/airflow/.local/lib/python3.12/site-packages/airflow/example_dags/example_subdag_operator.py for tasks to queue
[2025-05-02T19:46:57.500+0000] {logging_mixin.py:188} INFO - [2025-05-02T19:46:57.499+0000] {dagbag.py:540} INFO - Filling up the DagBag from /home/airflow/.local/lib/python3.12/site-packages/airflow/example_dags/example_subdag_operator.py
[2025-05-02T19:46:57.608+0000] {processor.py:840} INFO - DAG(s) 'example_subdag_operator.section-1', 'example_subdag_operator.section-2', 'example_subdag_operator' retrieved from /home/airflow/.local/lib/python3.12/site-packages/airflow/example_dags/example_subdag_operator.py
[2025-05-02T19:46:57.671+0000] {logging_mixin.py:188} INFO - [2025-05-02T19:46:57.671+0000] {dag.py:3096} INFO - Sync 3 DAGs
[2025-05-02T19:46:57.784+0000] {logging_mixin.py:188} INFO - [2025-05-02T19:46:57.784+0000] {dag.py:3954} INFO - Setting next_dagrun for example_subdag_operator to 2022-01-01 00:00:00+00:00, run_after=2022-01-01 00:00:00+00:00
[2025-05-02T19:46:57.800+0000] {logging_mixin.py:188} INFO - [2025-05-02T19:46:57.799+0000] {dag.py:3954} INFO - Setting next_dagrun for example_subdag_operator.section-1 to None, run_after=None
[2025-05-02T19:46:57.802+0000] {logging_mixin.py:188} INFO - [2025-05-02T19:46:57.802+0000] {dag.py:3954} INFO - Setting next_dagrun for example_subdag_operator.section-2 to None, run_after=None
[2025-05-02T19:46:57.836+0000] {logging_mixin.py:188} INFO - [2025-05-02T19:46:57.836+0000] {dag.py:3096} INFO - Sync 2 DAGs
[2025-05-02T19:46:57.856+0000] {logging_mixin.py:188} INFO - [2025-05-02T19:46:57.855+0000] {dag.py:3954} INFO - Setting next_dagrun for example_subdag_operator.section-1 to None, run_after=None
[2025-05-02T19:46:57.856+0000] {logging_mixin.py:188} INFO - [2025-05-02T19:46:57.856+0000] {dag.py:3954} INFO - Setting next_dagrun for example_subdag_operator.section-2 to None, run_after=None
[2025-05-02T19:46:58.069+0000] {processor.py:183} INFO - Processing /home/airflow/.local/lib/python3.12/site-packages/airflow/example_dags/example_subdag_operator.py took 0.602 seconds
[2025-05-02T19:47:33.361+0000] {processor.py:161} INFO - Started process (PID=1984) to work on /home/airflow/.local/lib/python3.12/site-packages/airflow/example_dags/example_subdag_operator.py
[2025-05-02T19:47:33.371+0000] {processor.py:830} INFO - Processing file /home/airflow/.local/lib/python3.12/site-packages/airflow/example_dags/example_subdag_operator.py for tasks to queue
[2025-05-02T19:47:33.378+0000] {logging_mixin.py:188} INFO - [2025-05-02T19:47:33.377+0000] {dagbag.py:540} INFO - Filling up the DagBag from /home/airflow/.local/lib/python3.12/site-packages/airflow/example_dags/example_subdag_operator.py
[2025-05-02T19:47:33.599+0000] {processor.py:840} INFO - DAG(s) 'example_subdag_operator.section-1', 'example_subdag_operator.section-2', 'example_subdag_operator' retrieved from /home/airflow/.local/lib/python3.12/site-packages/airflow/example_dags/example_subdag_operator.py
[2025-05-02T19:47:33.666+0000] {logging_mixin.py:188} INFO - [2025-05-02T19:47:33.665+0000] {dag.py:3096} INFO - Sync 3 DAGs
[2025-05-02T19:47:33.831+0000] {logging_mixin.py:188} INFO - [2025-05-02T19:47:33.831+0000] {dag.py:3954} INFO - Setting next_dagrun for example_subdag_operator to 2022-01-01 00:00:00+00:00, run_after=2022-01-01 00:00:00+00:00
[2025-05-02T19:47:33.859+0000] {logging_mixin.py:188} INFO - [2025-05-02T19:47:33.859+0000] {dag.py:3954} INFO - Setting next_dagrun for example_subdag_operator.section-1 to None, run_after=None
[2025-05-02T19:47:33.863+0000] {logging_mixin.py:188} INFO - [2025-05-02T19:47:33.862+0000] {dag.py:3954} INFO - Setting next_dagrun for example_subdag_operator.section-2 to None, run_after=None
[2025-05-02T19:47:33.881+0000] {logging_mixin.py:188} INFO - [2025-05-02T19:47:33.881+0000] {dag.py:3096} INFO - Sync 2 DAGs
[2025-05-02T19:47:33.909+0000] {logging_mixin.py:188} INFO - [2025-05-02T19:47:33.909+0000] {dag.py:3954} INFO - Setting next_dagrun for example_subdag_operator.section-1 to None, run_after=None
[2025-05-02T19:47:33.910+0000] {logging_mixin.py:188} INFO - [2025-05-02T19:47:33.910+0000] {dag.py:3954} INFO - Setting next_dagrun for example_subdag_operator.section-2 to None, run_after=None
[2025-05-02T19:47:34.024+0000] {processor.py:183} INFO - Processing /home/airflow/.local/lib/python3.12/site-packages/airflow/example_dags/example_subdag_operator.py took 0.722 seconds
[2025-05-02T19:48:06.480+0000] {processor.py:161} INFO - Started process (PID=2087) to work on /home/airflow/.local/lib/python3.12/site-packages/airflow/example_dags/example_subdag_operator.py
[2025-05-02T19:48:06.482+0000] {processor.py:830} INFO - Processing file /home/airflow/.local/lib/python3.12/site-packages/airflow/example_dags/example_subdag_operator.py for tasks to queue
[2025-05-02T19:48:06.487+0000] {logging_mixin.py:188} INFO - [2025-05-02T19:48:06.486+0000] {dagbag.py:540} INFO - Filling up the DagBag from /home/airflow/.local/lib/python3.12/site-packages/airflow/example_dags/example_subdag_operator.py
[2025-05-02T19:48:06.666+0000] {processor.py:840} INFO - DAG(s) 'example_subdag_operator.section-1', 'example_subdag_operator.section-2', 'example_subdag_operator' retrieved from /home/airflow/.local/lib/python3.12/site-packages/airflow/example_dags/example_subdag_operator.py
[2025-05-02T19:48:06.741+0000] {logging_mixin.py:188} INFO - [2025-05-02T19:48:06.740+0000] {dag.py:3096} INFO - Sync 3 DAGs
[2025-05-02T19:48:06.833+0000] {logging_mixin.py:188} INFO - [2025-05-02T19:48:06.832+0000] {dag.py:3954} INFO - Setting next_dagrun for example_subdag_operator to 2022-01-01 00:00:00+00:00, run_after=2022-01-01 00:00:00+00:00
[2025-05-02T19:48:06.844+0000] {logging_mixin.py:188} INFO - [2025-05-02T19:48:06.843+0000] {dag.py:3954} INFO - Setting next_dagrun for example_subdag_operator.section-1 to None, run_after=None
[2025-05-02T19:48:06.848+0000] {logging_mixin.py:188} INFO - [2025-05-02T19:48:06.847+0000] {dag.py:3954} INFO - Setting next_dagrun for example_subdag_operator.section-2 to None, run_after=None
[2025-05-02T19:48:06.880+0000] {logging_mixin.py:188} INFO - [2025-05-02T19:48:06.870+0000] {dag.py:3096} INFO - Sync 2 DAGs
[2025-05-02T19:48:06.914+0000] {logging_mixin.py:188} INFO - [2025-05-02T19:48:06.913+0000] {dag.py:3954} INFO - Setting next_dagrun for example_subdag_operator.section-1 to None, run_after=None
[2025-05-02T19:48:06.915+0000] {logging_mixin.py:188} INFO - [2025-05-02T19:48:06.914+0000] {dag.py:3954} INFO - Setting next_dagrun for example_subdag_operator.section-2 to None, run_after=None
[2025-05-02T19:48:07.008+0000] {processor.py:183} INFO - Processing /home/airflow/.local/lib/python3.12/site-packages/airflow/example_dags/example_subdag_operator.py took 0.561 seconds
[2025-05-02T19:48:42.346+0000] {processor.py:161} INFO - Started process (PID=2184) to work on /home/airflow/.local/lib/python3.12/site-packages/airflow/example_dags/example_subdag_operator.py
[2025-05-02T19:48:42.362+0000] {processor.py:830} INFO - Processing file /home/airflow/.local/lib/python3.12/site-packages/airflow/example_dags/example_subdag_operator.py for tasks to queue
[2025-05-02T19:48:42.368+0000] {logging_mixin.py:188} INFO - [2025-05-02T19:48:42.367+0000] {dagbag.py:540} INFO - Filling up the DagBag from /home/airflow/.local/lib/python3.12/site-packages/airflow/example_dags/example_subdag_operator.py
[2025-05-02T19:48:42.531+0000] {processor.py:840} INFO - DAG(s) 'example_subdag_operator.section-1', 'example_subdag_operator.section-2', 'example_subdag_operator' retrieved from /home/airflow/.local/lib/python3.12/site-packages/airflow/example_dags/example_subdag_operator.py
[2025-05-02T19:48:42.613+0000] {logging_mixin.py:188} INFO - [2025-05-02T19:48:42.611+0000] {dag.py:3096} INFO - Sync 3 DAGs
[2025-05-02T19:48:42.707+0000] {logging_mixin.py:188} INFO - [2025-05-02T19:48:42.706+0000] {dag.py:3954} INFO - Setting next_dagrun for example_subdag_operator to 2022-01-01 00:00:00+00:00, run_after=2022-01-01 00:00:00+00:00
[2025-05-02T19:48:42.753+0000] {logging_mixin.py:188} INFO - [2025-05-02T19:48:42.752+0000] {dag.py:3954} INFO - Setting next_dagrun for example_subdag_operator.section-1 to None, run_after=None
[2025-05-02T19:48:42.756+0000] {logging_mixin.py:188} INFO - [2025-05-02T19:48:42.756+0000] {dag.py:3954} INFO - Setting next_dagrun for example_subdag_operator.section-2 to None, run_after=None
[2025-05-02T19:48:42.846+0000] {logging_mixin.py:188} INFO - [2025-05-02T19:48:42.835+0000] {dag.py:3096} INFO - Sync 2 DAGs
[2025-05-02T19:48:42.910+0000] {logging_mixin.py:188} INFO - [2025-05-02T19:48:42.909+0000] {dag.py:3954} INFO - Setting next_dagrun for example_subdag_operator.section-1 to None, run_after=None
[2025-05-02T19:48:42.911+0000] {logging_mixin.py:188} INFO - [2025-05-02T19:48:42.910+0000] {dag.py:3954} INFO - Setting next_dagrun for example_subdag_operator.section-2 to None, run_after=None
[2025-05-02T19:48:43.031+0000] {processor.py:183} INFO - Processing /home/airflow/.local/lib/python3.12/site-packages/airflow/example_dags/example_subdag_operator.py took 0.734 seconds
[2025-05-02T19:49:16.951+0000] {processor.py:161} INFO - Started process (PID=2281) to work on /home/airflow/.local/lib/python3.12/site-packages/airflow/example_dags/example_subdag_operator.py
[2025-05-02T19:49:16.966+0000] {processor.py:830} INFO - Processing file /home/airflow/.local/lib/python3.12/site-packages/airflow/example_dags/example_subdag_operator.py for tasks to queue
[2025-05-02T19:49:16.970+0000] {logging_mixin.py:188} INFO - [2025-05-02T19:49:16.969+0000] {dagbag.py:540} INFO - Filling up the DagBag from /home/airflow/.local/lib/python3.12/site-packages/airflow/example_dags/example_subdag_operator.py
[2025-05-02T19:49:17.112+0000] {processor.py:840} INFO - DAG(s) 'example_subdag_operator.section-1', 'example_subdag_operator.section-2', 'example_subdag_operator' retrieved from /home/airflow/.local/lib/python3.12/site-packages/airflow/example_dags/example_subdag_operator.py
[2025-05-02T19:49:17.187+0000] {logging_mixin.py:188} INFO - [2025-05-02T19:49:17.187+0000] {dag.py:3096} INFO - Sync 3 DAGs
[2025-05-02T19:49:17.285+0000] {logging_mixin.py:188} INFO - [2025-05-02T19:49:17.281+0000] {dag.py:3954} INFO - Setting next_dagrun for example_subdag_operator to 2022-01-01 00:00:00+00:00, run_after=2022-01-01 00:00:00+00:00
[2025-05-02T19:49:17.705+0000] {logging_mixin.py:188} INFO - [2025-05-02T19:49:17.704+0000] {dag.py:3954} INFO - Setting next_dagrun for example_subdag_operator.section-1 to None, run_after=None
[2025-05-02T19:49:17.710+0000] {logging_mixin.py:188} INFO - [2025-05-02T19:49:17.710+0000] {dag.py:3954} INFO - Setting next_dagrun for example_subdag_operator.section-2 to None, run_after=None
[2025-05-02T19:49:17.740+0000] {logging_mixin.py:188} INFO - [2025-05-02T19:49:17.739+0000] {dag.py:3096} INFO - Sync 2 DAGs
[2025-05-02T19:49:17.758+0000] {logging_mixin.py:188} INFO - [2025-05-02T19:49:17.758+0000] {dag.py:3954} INFO - Setting next_dagrun for example_subdag_operator.section-1 to None, run_after=None
[2025-05-02T19:49:17.759+0000] {logging_mixin.py:188} INFO - [2025-05-02T19:49:17.759+0000] {dag.py:3954} INFO - Setting next_dagrun for example_subdag_operator.section-2 to None, run_after=None
[2025-05-02T19:49:17.801+0000] {processor.py:183} INFO - Processing /home/airflow/.local/lib/python3.12/site-packages/airflow/example_dags/example_subdag_operator.py took 0.866 seconds
[2025-05-02T19:49:51.463+0000] {processor.py:161} INFO - Started process (PID=2358) to work on /home/airflow/.local/lib/python3.12/site-packages/airflow/example_dags/example_subdag_operator.py
[2025-05-02T19:49:51.465+0000] {processor.py:830} INFO - Processing file /home/airflow/.local/lib/python3.12/site-packages/airflow/example_dags/example_subdag_operator.py for tasks to queue
[2025-05-02T19:49:51.473+0000] {logging_mixin.py:188} INFO - [2025-05-02T19:49:51.472+0000] {dagbag.py:540} INFO - Filling up the DagBag from /home/airflow/.local/lib/python3.12/site-packages/airflow/example_dags/example_subdag_operator.py
[2025-05-02T19:49:51.604+0000] {processor.py:840} INFO - DAG(s) 'example_subdag_operator.section-1', 'example_subdag_operator.section-2', 'example_subdag_operator' retrieved from /home/airflow/.local/lib/python3.12/site-packages/airflow/example_dags/example_subdag_operator.py
[2025-05-02T19:49:51.673+0000] {logging_mixin.py:188} INFO - [2025-05-02T19:49:51.672+0000] {dag.py:3096} INFO - Sync 3 DAGs
[2025-05-02T19:49:51.746+0000] {logging_mixin.py:188} INFO - [2025-05-02T19:49:51.746+0000] {dag.py:3954} INFO - Setting next_dagrun for example_subdag_operator to 2022-01-01 00:00:00+00:00, run_after=2022-01-01 00:00:00+00:00
[2025-05-02T19:49:51.765+0000] {logging_mixin.py:188} INFO - [2025-05-02T19:49:51.765+0000] {dag.py:3954} INFO - Setting next_dagrun for example_subdag_operator.section-1 to None, run_after=None
[2025-05-02T19:49:51.768+0000] {logging_mixin.py:188} INFO - [2025-05-02T19:49:51.768+0000] {dag.py:3954} INFO - Setting next_dagrun for example_subdag_operator.section-2 to None, run_after=None
[2025-05-02T19:49:51.800+0000] {logging_mixin.py:188} INFO - [2025-05-02T19:49:51.800+0000] {dag.py:3096} INFO - Sync 2 DAGs
[2025-05-02T19:49:51.821+0000] {logging_mixin.py:188} INFO - [2025-05-02T19:49:51.820+0000] {dag.py:3954} INFO - Setting next_dagrun for example_subdag_operator.section-1 to None, run_after=None
[2025-05-02T19:49:51.822+0000] {logging_mixin.py:188} INFO - [2025-05-02T19:49:51.821+0000] {dag.py:3954} INFO - Setting next_dagrun for example_subdag_operator.section-2 to None, run_after=None
[2025-05-02T19:49:51.862+0000] {processor.py:183} INFO - Processing /home/airflow/.local/lib/python3.12/site-packages/airflow/example_dags/example_subdag_operator.py took 0.446 seconds
[2025-05-02T19:50:22.001+0000] {processor.py:161} INFO - Started process (PID=2473) to work on /home/airflow/.local/lib/python3.12/site-packages/airflow/example_dags/example_subdag_operator.py
[2025-05-02T19:50:22.006+0000] {processor.py:830} INFO - Processing file /home/airflow/.local/lib/python3.12/site-packages/airflow/example_dags/example_subdag_operator.py for tasks to queue
[2025-05-02T19:50:22.010+0000] {logging_mixin.py:188} INFO - [2025-05-02T19:50:22.009+0000] {dagbag.py:540} INFO - Filling up the DagBag from /home/airflow/.local/lib/python3.12/site-packages/airflow/example_dags/example_subdag_operator.py
[2025-05-02T19:50:22.140+0000] {processor.py:840} INFO - DAG(s) 'example_subdag_operator.section-1', 'example_subdag_operator.section-2', 'example_subdag_operator' retrieved from /home/airflow/.local/lib/python3.12/site-packages/airflow/example_dags/example_subdag_operator.py
[2025-05-02T19:50:22.219+0000] {logging_mixin.py:188} INFO - [2025-05-02T19:50:22.218+0000] {dag.py:3096} INFO - Sync 3 DAGs
[2025-05-02T19:50:22.297+0000] {logging_mixin.py:188} INFO - [2025-05-02T19:50:22.293+0000] {dag.py:3954} INFO - Setting next_dagrun for example_subdag_operator to 2022-01-01 00:00:00+00:00, run_after=2022-01-01 00:00:00+00:00
[2025-05-02T19:50:22.305+0000] {logging_mixin.py:188} INFO - [2025-05-02T19:50:22.305+0000] {dag.py:3954} INFO - Setting next_dagrun for example_subdag_operator.section-1 to None, run_after=None
[2025-05-02T19:50:22.309+0000] {logging_mixin.py:188} INFO - [2025-05-02T19:50:22.309+0000] {dag.py:3954} INFO - Setting next_dagrun for example_subdag_operator.section-2 to None, run_after=None
[2025-05-02T19:50:22.332+0000] {logging_mixin.py:188} INFO - [2025-05-02T19:50:22.332+0000] {dag.py:3096} INFO - Sync 2 DAGs
[2025-05-02T19:50:22.344+0000] {logging_mixin.py:188} INFO - [2025-05-02T19:50:22.343+0000] {dag.py:3954} INFO - Setting next_dagrun for example_subdag_operator.section-1 to None, run_after=None
[2025-05-02T19:50:22.345+0000] {logging_mixin.py:188} INFO - [2025-05-02T19:50:22.344+0000] {dag.py:3954} INFO - Setting next_dagrun for example_subdag_operator.section-2 to None, run_after=None
[2025-05-02T19:50:22.396+0000] {processor.py:183} INFO - Processing /home/airflow/.local/lib/python3.12/site-packages/airflow/example_dags/example_subdag_operator.py took 0.407 seconds
[2025-05-02T19:50:52.514+0000] {processor.py:161} INFO - Started process (PID=2567) to work on /home/airflow/.local/lib/python3.12/site-packages/airflow/example_dags/example_subdag_operator.py
[2025-05-02T19:50:52.515+0000] {processor.py:830} INFO - Processing file /home/airflow/.local/lib/python3.12/site-packages/airflow/example_dags/example_subdag_operator.py for tasks to queue
[2025-05-02T19:50:52.517+0000] {logging_mixin.py:188} INFO - [2025-05-02T19:50:52.517+0000] {dagbag.py:540} INFO - Filling up the DagBag from /home/airflow/.local/lib/python3.12/site-packages/airflow/example_dags/example_subdag_operator.py
[2025-05-02T19:50:52.543+0000] {processor.py:840} INFO - DAG(s) 'example_subdag_operator.section-1', 'example_subdag_operator.section-2', 'example_subdag_operator' retrieved from /home/airflow/.local/lib/python3.12/site-packages/airflow/example_dags/example_subdag_operator.py
[2025-05-02T19:50:52.562+0000] {logging_mixin.py:188} INFO - [2025-05-02T19:50:52.562+0000] {dag.py:3096} INFO - Sync 3 DAGs
[2025-05-02T19:50:52.720+0000] {logging_mixin.py:188} INFO - [2025-05-02T19:50:52.720+0000] {dag.py:3954} INFO - Setting next_dagrun for example_subdag_operator to 2022-01-01 00:00:00+00:00, run_after=2022-01-01 00:00:00+00:00
[2025-05-02T19:50:52.725+0000] {logging_mixin.py:188} INFO - [2025-05-02T19:50:52.725+0000] {dag.py:3954} INFO - Setting next_dagrun for example_subdag_operator.section-1 to None, run_after=None
[2025-05-02T19:50:52.727+0000] {logging_mixin.py:188} INFO - [2025-05-02T19:50:52.727+0000] {dag.py:3954} INFO - Setting next_dagrun for example_subdag_operator.section-2 to None, run_after=None
[2025-05-02T19:50:52.735+0000] {logging_mixin.py:188} INFO - [2025-05-02T19:50:52.735+0000] {dag.py:3096} INFO - Sync 2 DAGs
[2025-05-02T19:50:52.741+0000] {logging_mixin.py:188} INFO - [2025-05-02T19:50:52.741+0000] {dag.py:3954} INFO - Setting next_dagrun for example_subdag_operator.section-1 to None, run_after=None
[2025-05-02T19:50:52.741+0000] {logging_mixin.py:188} INFO - [2025-05-02T19:50:52.741+0000] {dag.py:3954} INFO - Setting next_dagrun for example_subdag_operator.section-2 to None, run_after=None
[2025-05-02T19:50:52.753+0000] {processor.py:183} INFO - Processing /home/airflow/.local/lib/python3.12/site-packages/airflow/example_dags/example_subdag_operator.py took 0.246 seconds
[2025-05-02T19:51:23.249+0000] {processor.py:161} INFO - Started process (PID=2665) to work on /home/airflow/.local/lib/python3.12/site-packages/airflow/example_dags/example_subdag_operator.py
[2025-05-02T19:51:23.257+0000] {processor.py:830} INFO - Processing file /home/airflow/.local/lib/python3.12/site-packages/airflow/example_dags/example_subdag_operator.py for tasks to queue
[2025-05-02T19:51:23.261+0000] {logging_mixin.py:188} INFO - [2025-05-02T19:51:23.261+0000] {dagbag.py:540} INFO - Filling up the DagBag from /home/airflow/.local/lib/python3.12/site-packages/airflow/example_dags/example_subdag_operator.py
[2025-05-02T19:51:23.336+0000] {processor.py:840} INFO - DAG(s) 'example_subdag_operator.section-1', 'example_subdag_operator.section-2', 'example_subdag_operator' retrieved from /home/airflow/.local/lib/python3.12/site-packages/airflow/example_dags/example_subdag_operator.py
[2025-05-02T19:51:23.375+0000] {logging_mixin.py:188} INFO - [2025-05-02T19:51:23.374+0000] {dag.py:3096} INFO - Sync 3 DAGs
[2025-05-02T19:51:23.422+0000] {logging_mixin.py:188} INFO - [2025-05-02T19:51:23.422+0000] {dag.py:3954} INFO - Setting next_dagrun for example_subdag_operator to 2022-01-01 00:00:00+00:00, run_after=2022-01-01 00:00:00+00:00
[2025-05-02T19:51:23.430+0000] {logging_mixin.py:188} INFO - [2025-05-02T19:51:23.430+0000] {dag.py:3954} INFO - Setting next_dagrun for example_subdag_operator.section-1 to None, run_after=None
[2025-05-02T19:51:23.433+0000] {logging_mixin.py:188} INFO - [2025-05-02T19:51:23.433+0000] {dag.py:3954} INFO - Setting next_dagrun for example_subdag_operator.section-2 to None, run_after=None
[2025-05-02T19:51:23.447+0000] {logging_mixin.py:188} INFO - [2025-05-02T19:51:23.446+0000] {dag.py:3096} INFO - Sync 2 DAGs
[2025-05-02T19:51:23.457+0000] {logging_mixin.py:188} INFO - [2025-05-02T19:51:23.456+0000] {dag.py:3954} INFO - Setting next_dagrun for example_subdag_operator.section-1 to None, run_after=None
[2025-05-02T19:51:23.457+0000] {logging_mixin.py:188} INFO - [2025-05-02T19:51:23.457+0000] {dag.py:3954} INFO - Setting next_dagrun for example_subdag_operator.section-2 to None, run_after=None
[2025-05-02T19:51:23.479+0000] {processor.py:183} INFO - Processing /home/airflow/.local/lib/python3.12/site-packages/airflow/example_dags/example_subdag_operator.py took 0.243 seconds
[2025-05-02T19:51:53.763+0000] {processor.py:161} INFO - Started process (PID=2750) to work on /home/airflow/.local/lib/python3.12/site-packages/airflow/example_dags/example_subdag_operator.py
[2025-05-02T19:51:53.764+0000] {processor.py:830} INFO - Processing file /home/airflow/.local/lib/python3.12/site-packages/airflow/example_dags/example_subdag_operator.py for tasks to queue
[2025-05-02T19:51:53.766+0000] {logging_mixin.py:188} INFO - [2025-05-02T19:51:53.766+0000] {dagbag.py:540} INFO - Filling up the DagBag from /home/airflow/.local/lib/python3.12/site-packages/airflow/example_dags/example_subdag_operator.py
[2025-05-02T19:51:53.791+0000] {processor.py:840} INFO - DAG(s) 'example_subdag_operator.section-1', 'example_subdag_operator.section-2', 'example_subdag_operator' retrieved from /home/airflow/.local/lib/python3.12/site-packages/airflow/example_dags/example_subdag_operator.py
[2025-05-02T19:51:53.945+0000] {logging_mixin.py:188} INFO - [2025-05-02T19:51:53.945+0000] {dag.py:3096} INFO - Sync 3 DAGs
[2025-05-02T19:51:53.962+0000] {logging_mixin.py:188} INFO - [2025-05-02T19:51:53.961+0000] {dag.py:3954} INFO - Setting next_dagrun for example_subdag_operator to 2022-01-01 00:00:00+00:00, run_after=2022-01-01 00:00:00+00:00
[2025-05-02T19:51:53.964+0000] {logging_mixin.py:188} INFO - [2025-05-02T19:51:53.964+0000] {dag.py:3954} INFO - Setting next_dagrun for example_subdag_operator.section-1 to None, run_after=None
[2025-05-02T19:51:53.965+0000] {logging_mixin.py:188} INFO - [2025-05-02T19:51:53.965+0000] {dag.py:3954} INFO - Setting next_dagrun for example_subdag_operator.section-2 to None, run_after=None
[2025-05-02T19:51:53.971+0000] {logging_mixin.py:188} INFO - [2025-05-02T19:51:53.971+0000] {dag.py:3096} INFO - Sync 2 DAGs
[2025-05-02T19:51:53.974+0000] {logging_mixin.py:188} INFO - [2025-05-02T19:51:53.974+0000] {dag.py:3954} INFO - Setting next_dagrun for example_subdag_operator.section-1 to None, run_after=None
[2025-05-02T19:51:53.975+0000] {logging_mixin.py:188} INFO - [2025-05-02T19:51:53.975+0000] {dag.py:3954} INFO - Setting next_dagrun for example_subdag_operator.section-2 to None, run_after=None
[2025-05-02T19:51:53.984+0000] {processor.py:183} INFO - Processing /home/airflow/.local/lib/python3.12/site-packages/airflow/example_dags/example_subdag_operator.py took 0.228 seconds
[2025-05-02T19:52:24.050+0000] {processor.py:161} INFO - Started process (PID=2841) to work on /home/airflow/.local/lib/python3.12/site-packages/airflow/example_dags/example_subdag_operator.py
[2025-05-02T19:52:24.056+0000] {processor.py:830} INFO - Processing file /home/airflow/.local/lib/python3.12/site-packages/airflow/example_dags/example_subdag_operator.py for tasks to queue
[2025-05-02T19:52:24.065+0000] {logging_mixin.py:188} INFO - [2025-05-02T19:52:24.064+0000] {dagbag.py:540} INFO - Filling up the DagBag from /home/airflow/.local/lib/python3.12/site-packages/airflow/example_dags/example_subdag_operator.py
[2025-05-02T19:52:24.162+0000] {processor.py:840} INFO - DAG(s) 'example_subdag_operator.section-1', 'example_subdag_operator.section-2', 'example_subdag_operator' retrieved from /home/airflow/.local/lib/python3.12/site-packages/airflow/example_dags/example_subdag_operator.py
[2025-05-02T19:52:24.210+0000] {logging_mixin.py:188} INFO - [2025-05-02T19:52:24.209+0000] {dag.py:3096} INFO - Sync 3 DAGs
[2025-05-02T19:52:24.270+0000] {logging_mixin.py:188} INFO - [2025-05-02T19:52:24.270+0000] {dag.py:3954} INFO - Setting next_dagrun for example_subdag_operator to 2022-01-01 00:00:00+00:00, run_after=2022-01-01 00:00:00+00:00
[2025-05-02T19:52:24.278+0000] {logging_mixin.py:188} INFO - [2025-05-02T19:52:24.278+0000] {dag.py:3954} INFO - Setting next_dagrun for example_subdag_operator.section-1 to None, run_after=None
[2025-05-02T19:52:24.281+0000] {logging_mixin.py:188} INFO - [2025-05-02T19:52:24.281+0000] {dag.py:3954} INFO - Setting next_dagrun for example_subdag_operator.section-2 to None, run_after=None
[2025-05-02T19:52:24.307+0000] {logging_mixin.py:188} INFO - [2025-05-02T19:52:24.307+0000] {dag.py:3096} INFO - Sync 2 DAGs
[2025-05-02T19:52:24.319+0000] {logging_mixin.py:188} INFO - [2025-05-02T19:52:24.319+0000] {dag.py:3954} INFO - Setting next_dagrun for example_subdag_operator.section-1 to None, run_after=None
[2025-05-02T19:52:24.320+0000] {logging_mixin.py:188} INFO - [2025-05-02T19:52:24.320+0000] {dag.py:3954} INFO - Setting next_dagrun for example_subdag_operator.section-2 to None, run_after=None
[2025-05-02T19:52:24.348+0000] {processor.py:183} INFO - Processing /home/airflow/.local/lib/python3.12/site-packages/airflow/example_dags/example_subdag_operator.py took 0.318 seconds
[2025-05-02T19:52:54.626+0000] {processor.py:161} INFO - Started process (PID=2927) to work on /home/airflow/.local/lib/python3.12/site-packages/airflow/example_dags/example_subdag_operator.py
[2025-05-02T19:52:54.628+0000] {processor.py:830} INFO - Processing file /home/airflow/.local/lib/python3.12/site-packages/airflow/example_dags/example_subdag_operator.py for tasks to queue
[2025-05-02T19:52:54.631+0000] {logging_mixin.py:188} INFO - [2025-05-02T19:52:54.631+0000] {dagbag.py:540} INFO - Filling up the DagBag from /home/airflow/.local/lib/python3.12/site-packages/airflow/example_dags/example_subdag_operator.py
[2025-05-02T19:52:54.778+0000] {processor.py:840} INFO - DAG(s) 'example_subdag_operator.section-1', 'example_subdag_operator.section-2', 'example_subdag_operator' retrieved from /home/airflow/.local/lib/python3.12/site-packages/airflow/example_dags/example_subdag_operator.py
[2025-05-02T19:52:54.827+0000] {logging_mixin.py:188} INFO - [2025-05-02T19:52:54.827+0000] {dag.py:3096} INFO - Sync 3 DAGs
[2025-05-02T19:52:54.874+0000] {logging_mixin.py:188} INFO - [2025-05-02T19:52:54.874+0000] {dag.py:3954} INFO - Setting next_dagrun for example_subdag_operator to 2022-01-01 00:00:00+00:00, run_after=2022-01-01 00:00:00+00:00
[2025-05-02T19:52:54.882+0000] {logging_mixin.py:188} INFO - [2025-05-02T19:52:54.882+0000] {dag.py:3954} INFO - Setting next_dagrun for example_subdag_operator.section-1 to None, run_after=None
[2025-05-02T19:52:54.885+0000] {logging_mixin.py:188} INFO - [2025-05-02T19:52:54.884+0000] {dag.py:3954} INFO - Setting next_dagrun for example_subdag_operator.section-2 to None, run_after=None
[2025-05-02T19:52:54.908+0000] {logging_mixin.py:188} INFO - [2025-05-02T19:52:54.908+0000] {dag.py:3096} INFO - Sync 2 DAGs
[2025-05-02T19:52:54.921+0000] {logging_mixin.py:188} INFO - [2025-05-02T19:52:54.920+0000] {dag.py:3954} INFO - Setting next_dagrun for example_subdag_operator.section-1 to None, run_after=None
[2025-05-02T19:52:54.922+0000] {logging_mixin.py:188} INFO - [2025-05-02T19:52:54.922+0000] {dag.py:3954} INFO - Setting next_dagrun for example_subdag_operator.section-2 to None, run_after=None
[2025-05-02T19:52:54.948+0000] {processor.py:183} INFO - Processing /home/airflow/.local/lib/python3.12/site-packages/airflow/example_dags/example_subdag_operator.py took 0.335 seconds
[2025-05-02T19:53:25.101+0000] {processor.py:161} INFO - Started process (PID=3035) to work on /home/airflow/.local/lib/python3.12/site-packages/airflow/example_dags/example_subdag_operator.py
[2025-05-02T19:53:25.102+0000] {processor.py:830} INFO - Processing file /home/airflow/.local/lib/python3.12/site-packages/airflow/example_dags/example_subdag_operator.py for tasks to queue
[2025-05-02T19:53:25.105+0000] {logging_mixin.py:188} INFO - [2025-05-02T19:53:25.105+0000] {dagbag.py:540} INFO - Filling up the DagBag from /home/airflow/.local/lib/python3.12/site-packages/airflow/example_dags/example_subdag_operator.py
[2025-05-02T19:53:25.133+0000] {processor.py:840} INFO - DAG(s) 'example_subdag_operator.section-1', 'example_subdag_operator.section-2', 'example_subdag_operator' retrieved from /home/airflow/.local/lib/python3.12/site-packages/airflow/example_dags/example_subdag_operator.py
[2025-05-02T19:53:25.161+0000] {logging_mixin.py:188} INFO - [2025-05-02T19:53:25.160+0000] {dag.py:3096} INFO - Sync 3 DAGs
[2025-05-02T19:53:25.196+0000] {logging_mixin.py:188} INFO - [2025-05-02T19:53:25.196+0000] {dag.py:3954} INFO - Setting next_dagrun for example_subdag_operator to 2022-01-01 00:00:00+00:00, run_after=2022-01-01 00:00:00+00:00
[2025-05-02T19:53:25.203+0000] {logging_mixin.py:188} INFO - [2025-05-02T19:53:25.203+0000] {dag.py:3954} INFO - Setting next_dagrun for example_subdag_operator.section-1 to None, run_after=None
[2025-05-02T19:53:25.206+0000] {logging_mixin.py:188} INFO - [2025-05-02T19:53:25.205+0000] {dag.py:3954} INFO - Setting next_dagrun for example_subdag_operator.section-2 to None, run_after=None
[2025-05-02T19:53:25.218+0000] {logging_mixin.py:188} INFO - [2025-05-02T19:53:25.218+0000] {dag.py:3096} INFO - Sync 2 DAGs
[2025-05-02T19:53:25.225+0000] {logging_mixin.py:188} INFO - [2025-05-02T19:53:25.225+0000] {dag.py:3954} INFO - Setting next_dagrun for example_subdag_operator.section-1 to None, run_after=None
[2025-05-02T19:53:25.226+0000] {logging_mixin.py:188} INFO - [2025-05-02T19:53:25.225+0000] {dag.py:3954} INFO - Setting next_dagrun for example_subdag_operator.section-2 to None, run_after=None
[2025-05-02T19:53:25.239+0000] {processor.py:183} INFO - Processing /home/airflow/.local/lib/python3.12/site-packages/airflow/example_dags/example_subdag_operator.py took 0.147 seconds
[2025-05-02T19:53:58.394+0000] {processor.py:161} INFO - Started process (PID=3130) to work on /home/airflow/.local/lib/python3.12/site-packages/airflow/example_dags/example_subdag_operator.py
[2025-05-02T19:53:58.409+0000] {processor.py:830} INFO - Processing file /home/airflow/.local/lib/python3.12/site-packages/airflow/example_dags/example_subdag_operator.py for tasks to queue
[2025-05-02T19:53:58.423+0000] {logging_mixin.py:188} INFO - [2025-05-02T19:53:58.412+0000] {dagbag.py:540} INFO - Filling up the DagBag from /home/airflow/.local/lib/python3.12/site-packages/airflow/example_dags/example_subdag_operator.py
[2025-05-02T19:53:58.557+0000] {processor.py:840} INFO - DAG(s) 'example_subdag_operator.section-1', 'example_subdag_operator.section-2', 'example_subdag_operator' retrieved from /home/airflow/.local/lib/python3.12/site-packages/airflow/example_dags/example_subdag_operator.py
[2025-05-02T19:53:58.604+0000] {logging_mixin.py:188} INFO - [2025-05-02T19:53:58.604+0000] {dag.py:3096} INFO - Sync 3 DAGs
[2025-05-02T19:53:58.663+0000] {logging_mixin.py:188} INFO - [2025-05-02T19:53:58.662+0000] {dag.py:3954} INFO - Setting next_dagrun for example_subdag_operator to 2022-01-01 00:00:00+00:00, run_after=2022-01-01 00:00:00+00:00
[2025-05-02T19:53:58.671+0000] {logging_mixin.py:188} INFO - [2025-05-02T19:53:58.670+0000] {dag.py:3954} INFO - Setting next_dagrun for example_subdag_operator.section-1 to None, run_after=None
[2025-05-02T19:53:58.674+0000] {logging_mixin.py:188} INFO - [2025-05-02T19:53:58.673+0000] {dag.py:3954} INFO - Setting next_dagrun for example_subdag_operator.section-2 to None, run_after=None
[2025-05-02T19:53:58.689+0000] {logging_mixin.py:188} INFO - [2025-05-02T19:53:58.688+0000] {dag.py:3096} INFO - Sync 2 DAGs
[2025-05-02T19:53:58.699+0000] {logging_mixin.py:188} INFO - [2025-05-02T19:53:58.699+0000] {dag.py:3954} INFO - Setting next_dagrun for example_subdag_operator.section-1 to None, run_after=None
[2025-05-02T19:53:58.700+0000] {logging_mixin.py:188} INFO - [2025-05-02T19:53:58.700+0000] {dag.py:3954} INFO - Setting next_dagrun for example_subdag_operator.section-2 to None, run_after=None
[2025-05-02T19:53:58.755+0000] {processor.py:183} INFO - Processing /home/airflow/.local/lib/python3.12/site-packages/airflow/example_dags/example_subdag_operator.py took 0.409 seconds
[2025-05-02T19:54:31.954+0000] {processor.py:161} INFO - Started process (PID=3231) to work on /home/airflow/.local/lib/python3.12/site-packages/airflow/example_dags/example_subdag_operator.py
[2025-05-02T19:54:31.955+0000] {processor.py:830} INFO - Processing file /home/airflow/.local/lib/python3.12/site-packages/airflow/example_dags/example_subdag_operator.py for tasks to queue
[2025-05-02T19:54:31.958+0000] {logging_mixin.py:188} INFO - [2025-05-02T19:54:31.958+0000] {dagbag.py:540} INFO - Filling up the DagBag from /home/airflow/.local/lib/python3.12/site-packages/airflow/example_dags/example_subdag_operator.py
[2025-05-02T19:54:32.033+0000] {processor.py:840} INFO - DAG(s) 'example_subdag_operator.section-1', 'example_subdag_operator.section-2', 'example_subdag_operator' retrieved from /home/airflow/.local/lib/python3.12/site-packages/airflow/example_dags/example_subdag_operator.py
[2025-05-02T19:54:32.065+0000] {logging_mixin.py:188} INFO - [2025-05-02T19:54:32.064+0000] {dag.py:3096} INFO - Sync 3 DAGs
[2025-05-02T19:54:32.109+0000] {logging_mixin.py:188} INFO - [2025-05-02T19:54:32.109+0000] {dag.py:3954} INFO - Setting next_dagrun for example_subdag_operator to 2022-01-01 00:00:00+00:00, run_after=2022-01-01 00:00:00+00:00
[2025-05-02T19:54:32.117+0000] {logging_mixin.py:188} INFO - [2025-05-02T19:54:32.116+0000] {dag.py:3954} INFO - Setting next_dagrun for example_subdag_operator.section-1 to None, run_after=None
[2025-05-02T19:54:32.119+0000] {logging_mixin.py:188} INFO - [2025-05-02T19:54:32.119+0000] {dag.py:3954} INFO - Setting next_dagrun for example_subdag_operator.section-2 to None, run_after=None
[2025-05-02T19:54:32.142+0000] {logging_mixin.py:188} INFO - [2025-05-02T19:54:32.142+0000] {dag.py:3096} INFO - Sync 2 DAGs
[2025-05-02T19:54:32.152+0000] {logging_mixin.py:188} INFO - [2025-05-02T19:54:32.151+0000] {dag.py:3954} INFO - Setting next_dagrun for example_subdag_operator.section-1 to None, run_after=None
[2025-05-02T19:54:32.152+0000] {logging_mixin.py:188} INFO - [2025-05-02T19:54:32.152+0000] {dag.py:3954} INFO - Setting next_dagrun for example_subdag_operator.section-2 to None, run_after=None
[2025-05-02T19:54:32.242+0000] {processor.py:183} INFO - Processing /home/airflow/.local/lib/python3.12/site-packages/airflow/example_dags/example_subdag_operator.py took 0.308 seconds
[2025-05-02T19:55:04.207+0000] {processor.py:161} INFO - Started process (PID=3309) to work on /home/airflow/.local/lib/python3.12/site-packages/airflow/example_dags/example_subdag_operator.py
[2025-05-02T19:55:04.217+0000] {processor.py:830} INFO - Processing file /home/airflow/.local/lib/python3.12/site-packages/airflow/example_dags/example_subdag_operator.py for tasks to queue
[2025-05-02T19:55:04.221+0000] {logging_mixin.py:188} INFO - [2025-05-02T19:55:04.220+0000] {dagbag.py:540} INFO - Filling up the DagBag from /home/airflow/.local/lib/python3.12/site-packages/airflow/example_dags/example_subdag_operator.py
[2025-05-02T19:55:04.329+0000] {processor.py:840} INFO - DAG(s) 'example_subdag_operator.section-1', 'example_subdag_operator.section-2', 'example_subdag_operator' retrieved from /home/airflow/.local/lib/python3.12/site-packages/airflow/example_dags/example_subdag_operator.py
[2025-05-02T19:55:04.366+0000] {logging_mixin.py:188} INFO - [2025-05-02T19:55:04.366+0000] {dag.py:3096} INFO - Sync 3 DAGs
[2025-05-02T19:55:04.416+0000] {logging_mixin.py:188} INFO - [2025-05-02T19:55:04.415+0000] {dag.py:3954} INFO - Setting next_dagrun for example_subdag_operator to 2022-01-01 00:00:00+00:00, run_after=2022-01-01 00:00:00+00:00
[2025-05-02T19:55:04.424+0000] {logging_mixin.py:188} INFO - [2025-05-02T19:55:04.423+0000] {dag.py:3954} INFO - Setting next_dagrun for example_subdag_operator.section-1 to None, run_after=None
[2025-05-02T19:55:04.426+0000] {logging_mixin.py:188} INFO - [2025-05-02T19:55:04.426+0000] {dag.py:3954} INFO - Setting next_dagrun for example_subdag_operator.section-2 to None, run_after=None
[2025-05-02T19:55:04.461+0000] {logging_mixin.py:188} INFO - [2025-05-02T19:55:04.460+0000] {dag.py:3096} INFO - Sync 2 DAGs
[2025-05-02T19:55:04.488+0000] {logging_mixin.py:188} INFO - [2025-05-02T19:55:04.487+0000] {dag.py:3954} INFO - Setting next_dagrun for example_subdag_operator.section-1 to None, run_after=None
[2025-05-02T19:55:04.488+0000] {logging_mixin.py:188} INFO - [2025-05-02T19:55:04.488+0000] {dag.py:3954} INFO - Setting next_dagrun for example_subdag_operator.section-2 to None, run_after=None
[2025-05-02T19:55:04.534+0000] {processor.py:183} INFO - Processing /home/airflow/.local/lib/python3.12/site-packages/airflow/example_dags/example_subdag_operator.py took 0.340 seconds
[2025-05-02T19:55:34.861+0000] {processor.py:161} INFO - Started process (PID=3417) to work on /home/airflow/.local/lib/python3.12/site-packages/airflow/example_dags/example_subdag_operator.py
[2025-05-02T19:55:34.863+0000] {processor.py:830} INFO - Processing file /home/airflow/.local/lib/python3.12/site-packages/airflow/example_dags/example_subdag_operator.py for tasks to queue
[2025-05-02T19:55:34.867+0000] {logging_mixin.py:188} INFO - [2025-05-02T19:55:34.866+0000] {dagbag.py:540} INFO - Filling up the DagBag from /home/airflow/.local/lib/python3.12/site-packages/airflow/example_dags/example_subdag_operator.py
[2025-05-02T19:55:34.936+0000] {processor.py:840} INFO - DAG(s) 'example_subdag_operator.section-1', 'example_subdag_operator.section-2', 'example_subdag_operator' retrieved from /home/airflow/.local/lib/python3.12/site-packages/airflow/example_dags/example_subdag_operator.py
[2025-05-02T19:55:34.990+0000] {logging_mixin.py:188} INFO - [2025-05-02T19:55:34.990+0000] {dag.py:3096} INFO - Sync 3 DAGs
[2025-05-02T19:55:35.083+0000] {logging_mixin.py:188} INFO - [2025-05-02T19:55:35.083+0000] {dag.py:3954} INFO - Setting next_dagrun for example_subdag_operator to 2022-01-01 00:00:00+00:00, run_after=2022-01-01 00:00:00+00:00
[2025-05-02T19:55:35.095+0000] {logging_mixin.py:188} INFO - [2025-05-02T19:55:35.095+0000] {dag.py:3954} INFO - Setting next_dagrun for example_subdag_operator.section-1 to None, run_after=None
[2025-05-02T19:55:35.108+0000] {logging_mixin.py:188} INFO - [2025-05-02T19:55:35.107+0000] {dag.py:3954} INFO - Setting next_dagrun for example_subdag_operator.section-2 to None, run_after=None
[2025-05-02T19:55:35.130+0000] {logging_mixin.py:188} INFO - [2025-05-02T19:55:35.129+0000] {dag.py:3096} INFO - Sync 2 DAGs
[2025-05-02T19:55:35.149+0000] {logging_mixin.py:188} INFO - [2025-05-02T19:55:35.149+0000] {dag.py:3954} INFO - Setting next_dagrun for example_subdag_operator.section-1 to None, run_after=None
[2025-05-02T19:55:35.150+0000] {logging_mixin.py:188} INFO - [2025-05-02T19:55:35.150+0000] {dag.py:3954} INFO - Setting next_dagrun for example_subdag_operator.section-2 to None, run_after=None
[2025-05-02T19:55:38.133+0000] {processor.py:183} INFO - Processing /home/airflow/.local/lib/python3.12/site-packages/airflow/example_dags/example_subdag_operator.py took 0.379 seconds
[2025-05-02T19:56:08.627+0000] {processor.py:161} INFO - Started process (PID=3522) to work on /home/airflow/.local/lib/python3.12/site-packages/airflow/example_dags/example_subdag_operator.py
[2025-05-02T19:56:08.635+0000] {processor.py:830} INFO - Processing file /home/airflow/.local/lib/python3.12/site-packages/airflow/example_dags/example_subdag_operator.py for tasks to queue
[2025-05-02T19:56:08.639+0000] {logging_mixin.py:188} INFO - [2025-05-02T19:56:08.639+0000] {dagbag.py:540} INFO - Filling up the DagBag from /home/airflow/.local/lib/python3.12/site-packages/airflow/example_dags/example_subdag_operator.py
[2025-05-02T19:56:08.745+0000] {processor.py:840} INFO - DAG(s) 'example_subdag_operator.section-1', 'example_subdag_operator.section-2', 'example_subdag_operator' retrieved from /home/airflow/.local/lib/python3.12/site-packages/airflow/example_dags/example_subdag_operator.py
[2025-05-02T19:56:08.779+0000] {logging_mixin.py:188} INFO - [2025-05-02T19:56:08.779+0000] {dag.py:3096} INFO - Sync 3 DAGs
[2025-05-02T19:56:08.828+0000] {logging_mixin.py:188} INFO - [2025-05-02T19:56:08.827+0000] {dag.py:3954} INFO - Setting next_dagrun for example_subdag_operator to 2022-01-01 00:00:00+00:00, run_after=2022-01-01 00:00:00+00:00
[2025-05-02T19:56:08.838+0000] {logging_mixin.py:188} INFO - [2025-05-02T19:56:08.837+0000] {dag.py:3954} INFO - Setting next_dagrun for example_subdag_operator.section-1 to None, run_after=None
[2025-05-02T19:56:08.843+0000] {logging_mixin.py:188} INFO - [2025-05-02T19:56:08.842+0000] {dag.py:3954} INFO - Setting next_dagrun for example_subdag_operator.section-2 to None, run_after=None
[2025-05-02T19:56:08.861+0000] {logging_mixin.py:188} INFO - [2025-05-02T19:56:08.860+0000] {dag.py:3096} INFO - Sync 2 DAGs
[2025-05-02T19:56:08.872+0000] {logging_mixin.py:188} INFO - [2025-05-02T19:56:08.871+0000] {dag.py:3954} INFO - Setting next_dagrun for example_subdag_operator.section-1 to None, run_after=None
[2025-05-02T19:56:08.872+0000] {logging_mixin.py:188} INFO - [2025-05-02T19:56:08.872+0000] {dag.py:3954} INFO - Setting next_dagrun for example_subdag_operator.section-2 to None, run_after=None
[2025-05-02T19:56:08.893+0000] {processor.py:183} INFO - Processing /home/airflow/.local/lib/python3.12/site-packages/airflow/example_dags/example_subdag_operator.py took 0.278 seconds
[2025-05-02T19:56:39.404+0000] {processor.py:161} INFO - Started process (PID=3610) to work on /home/airflow/.local/lib/python3.12/site-packages/airflow/example_dags/example_subdag_operator.py
[2025-05-02T19:56:39.406+0000] {processor.py:830} INFO - Processing file /home/airflow/.local/lib/python3.12/site-packages/airflow/example_dags/example_subdag_operator.py for tasks to queue
[2025-05-02T19:56:39.411+0000] {logging_mixin.py:188} INFO - [2025-05-02T19:56:39.410+0000] {dagbag.py:540} INFO - Filling up the DagBag from /home/airflow/.local/lib/python3.12/site-packages/airflow/example_dags/example_subdag_operator.py
[2025-05-02T19:56:39.534+0000] {processor.py:840} INFO - DAG(s) 'example_subdag_operator.section-1', 'example_subdag_operator.section-2', 'example_subdag_operator' retrieved from /home/airflow/.local/lib/python3.12/site-packages/airflow/example_dags/example_subdag_operator.py
[2025-05-02T19:56:39.606+0000] {logging_mixin.py:188} INFO - [2025-05-02T19:56:39.605+0000] {dag.py:3096} INFO - Sync 3 DAGs
[2025-05-02T19:56:39.728+0000] {logging_mixin.py:188} INFO - [2025-05-02T19:56:39.725+0000] {dag.py:3954} INFO - Setting next_dagrun for example_subdag_operator to 2022-01-01 00:00:00+00:00, run_after=2022-01-01 00:00:00+00:00
[2025-05-02T19:56:39.751+0000] {logging_mixin.py:188} INFO - [2025-05-02T19:56:39.751+0000] {dag.py:3954} INFO - Setting next_dagrun for example_subdag_operator.section-1 to None, run_after=None
[2025-05-02T19:56:39.765+0000] {logging_mixin.py:188} INFO - [2025-05-02T19:56:39.760+0000] {dag.py:3954} INFO - Setting next_dagrun for example_subdag_operator.section-2 to None, run_after=None
[2025-05-02T19:56:39.802+0000] {logging_mixin.py:188} INFO - [2025-05-02T19:56:39.801+0000] {dag.py:3096} INFO - Sync 2 DAGs
[2025-05-02T19:56:39.818+0000] {logging_mixin.py:188} INFO - [2025-05-02T19:56:39.817+0000] {dag.py:3954} INFO - Setting next_dagrun for example_subdag_operator.section-1 to None, run_after=None
[2025-05-02T19:56:39.818+0000] {logging_mixin.py:188} INFO - [2025-05-02T19:56:39.818+0000] {dag.py:3954} INFO - Setting next_dagrun for example_subdag_operator.section-2 to None, run_after=None
[2025-05-02T19:56:39.916+0000] {processor.py:183} INFO - Processing /home/airflow/.local/lib/python3.12/site-packages/airflow/example_dags/example_subdag_operator.py took 0.557 seconds
[2025-05-02T19:57:10.018+0000] {processor.py:161} INFO - Started process (PID=3705) to work on /home/airflow/.local/lib/python3.12/site-packages/airflow/example_dags/example_subdag_operator.py
[2025-05-02T19:57:10.022+0000] {processor.py:830} INFO - Processing file /home/airflow/.local/lib/python3.12/site-packages/airflow/example_dags/example_subdag_operator.py for tasks to queue
[2025-05-02T19:57:10.044+0000] {logging_mixin.py:188} INFO - [2025-05-02T19:57:10.040+0000] {dagbag.py:540} INFO - Filling up the DagBag from /home/airflow/.local/lib/python3.12/site-packages/airflow/example_dags/example_subdag_operator.py
[2025-05-02T19:57:10.193+0000] {processor.py:840} INFO - DAG(s) 'example_subdag_operator.section-1', 'example_subdag_operator.section-2', 'example_subdag_operator' retrieved from /home/airflow/.local/lib/python3.12/site-packages/airflow/example_dags/example_subdag_operator.py
[2025-05-02T19:57:10.250+0000] {logging_mixin.py:188} INFO - [2025-05-02T19:57:10.250+0000] {dag.py:3096} INFO - Sync 3 DAGs
[2025-05-02T19:57:10.332+0000] {logging_mixin.py:188} INFO - [2025-05-02T19:57:10.331+0000] {dag.py:3954} INFO - Setting next_dagrun for example_subdag_operator to 2022-01-01 00:00:00+00:00, run_after=2022-01-01 00:00:00+00:00
[2025-05-02T19:57:10.368+0000] {logging_mixin.py:188} INFO - [2025-05-02T19:57:10.368+0000] {dag.py:3954} INFO - Setting next_dagrun for example_subdag_operator.section-1 to None, run_after=None
[2025-05-02T19:57:10.372+0000] {logging_mixin.py:188} INFO - [2025-05-02T19:57:10.371+0000] {dag.py:3954} INFO - Setting next_dagrun for example_subdag_operator.section-2 to None, run_after=None
[2025-05-02T19:57:10.401+0000] {logging_mixin.py:188} INFO - [2025-05-02T19:57:10.400+0000] {dag.py:3096} INFO - Sync 2 DAGs
[2025-05-02T19:57:10.416+0000] {logging_mixin.py:188} INFO - [2025-05-02T19:57:10.415+0000] {dag.py:3954} INFO - Setting next_dagrun for example_subdag_operator.section-1 to None, run_after=None
[2025-05-02T19:57:10.417+0000] {logging_mixin.py:188} INFO - [2025-05-02T19:57:10.416+0000] {dag.py:3954} INFO - Setting next_dagrun for example_subdag_operator.section-2 to None, run_after=None
[2025-05-02T19:57:10.485+0000] {processor.py:183} INFO - Processing /home/airflow/.local/lib/python3.12/site-packages/airflow/example_dags/example_subdag_operator.py took 0.484 seconds
[2025-05-02T19:57:40.734+0000] {processor.py:161} INFO - Started process (PID=3785) to work on /home/airflow/.local/lib/python3.12/site-packages/airflow/example_dags/example_subdag_operator.py
[2025-05-02T19:57:40.746+0000] {processor.py:830} INFO - Processing file /home/airflow/.local/lib/python3.12/site-packages/airflow/example_dags/example_subdag_operator.py for tasks to queue
[2025-05-02T19:57:40.750+0000] {logging_mixin.py:188} INFO - [2025-05-02T19:57:40.749+0000] {dagbag.py:540} INFO - Filling up the DagBag from /home/airflow/.local/lib/python3.12/site-packages/airflow/example_dags/example_subdag_operator.py
[2025-05-02T19:57:40.869+0000] {processor.py:840} INFO - DAG(s) 'example_subdag_operator.section-1', 'example_subdag_operator.section-2', 'example_subdag_operator' retrieved from /home/airflow/.local/lib/python3.12/site-packages/airflow/example_dags/example_subdag_operator.py
[2025-05-02T19:57:40.913+0000] {logging_mixin.py:188} INFO - [2025-05-02T19:57:40.912+0000] {dag.py:3096} INFO - Sync 3 DAGs
[2025-05-02T19:57:40.977+0000] {logging_mixin.py:188} INFO - [2025-05-02T19:57:40.976+0000] {dag.py:3954} INFO - Setting next_dagrun for example_subdag_operator to 2022-01-01 00:00:00+00:00, run_after=2022-01-01 00:00:00+00:00
[2025-05-02T19:57:40.985+0000] {logging_mixin.py:188} INFO - [2025-05-02T19:57:40.984+0000] {dag.py:3954} INFO - Setting next_dagrun for example_subdag_operator.section-1 to None, run_after=None
[2025-05-02T19:57:40.987+0000] {logging_mixin.py:188} INFO - [2025-05-02T19:57:40.987+0000] {dag.py:3954} INFO - Setting next_dagrun for example_subdag_operator.section-2 to None, run_after=None
[2025-05-02T19:57:41.002+0000] {logging_mixin.py:188} INFO - [2025-05-02T19:57:41.001+0000] {dag.py:3096} INFO - Sync 2 DAGs
[2025-05-02T19:57:41.018+0000] {logging_mixin.py:188} INFO - [2025-05-02T19:57:41.018+0000] {dag.py:3954} INFO - Setting next_dagrun for example_subdag_operator.section-1 to None, run_after=None
[2025-05-02T19:57:41.019+0000] {logging_mixin.py:188} INFO - [2025-05-02T19:57:41.019+0000] {dag.py:3954} INFO - Setting next_dagrun for example_subdag_operator.section-2 to None, run_after=None
[2025-05-02T19:57:41.052+0000] {processor.py:183} INFO - Processing /home/airflow/.local/lib/python3.12/site-packages/airflow/example_dags/example_subdag_operator.py took 0.330 seconds
[2025-05-02T19:58:11.577+0000] {processor.py:161} INFO - Started process (PID=3897) to work on /home/airflow/.local/lib/python3.12/site-packages/airflow/example_dags/example_subdag_operator.py
[2025-05-02T19:58:11.578+0000] {processor.py:830} INFO - Processing file /home/airflow/.local/lib/python3.12/site-packages/airflow/example_dags/example_subdag_operator.py for tasks to queue
[2025-05-02T19:58:11.582+0000] {logging_mixin.py:188} INFO - [2025-05-02T19:58:11.581+0000] {dagbag.py:540} INFO - Filling up the DagBag from /home/airflow/.local/lib/python3.12/site-packages/airflow/example_dags/example_subdag_operator.py
[2025-05-02T19:58:11.617+0000] {processor.py:840} INFO - DAG(s) 'example_subdag_operator.section-1', 'example_subdag_operator.section-2', 'example_subdag_operator' retrieved from /home/airflow/.local/lib/python3.12/site-packages/airflow/example_dags/example_subdag_operator.py
[2025-05-02T19:58:11.644+0000] {logging_mixin.py:188} INFO - [2025-05-02T19:58:11.643+0000] {dag.py:3096} INFO - Sync 3 DAGs
[2025-05-02T19:58:11.677+0000] {logging_mixin.py:188} INFO - [2025-05-02T19:58:11.676+0000] {dag.py:3954} INFO - Setting next_dagrun for example_subdag_operator to 2022-01-01 00:00:00+00:00, run_after=2022-01-01 00:00:00+00:00
[2025-05-02T19:58:11.683+0000] {logging_mixin.py:188} INFO - [2025-05-02T19:58:11.683+0000] {dag.py:3954} INFO - Setting next_dagrun for example_subdag_operator.section-1 to None, run_after=None
[2025-05-02T19:58:11.685+0000] {logging_mixin.py:188} INFO - [2025-05-02T19:58:11.685+0000] {dag.py:3954} INFO - Setting next_dagrun for example_subdag_operator.section-2 to None, run_after=None
[2025-05-02T19:58:11.696+0000] {logging_mixin.py:188} INFO - [2025-05-02T19:58:11.696+0000] {dag.py:3096} INFO - Sync 2 DAGs
[2025-05-02T19:58:11.704+0000] {logging_mixin.py:188} INFO - [2025-05-02T19:58:11.703+0000] {dag.py:3954} INFO - Setting next_dagrun for example_subdag_operator.section-1 to None, run_after=None
[2025-05-02T19:58:11.704+0000] {logging_mixin.py:188} INFO - [2025-05-02T19:58:11.704+0000] {dag.py:3954} INFO - Setting next_dagrun for example_subdag_operator.section-2 to None, run_after=None
[2025-05-02T19:58:11.720+0000] {processor.py:183} INFO - Processing /home/airflow/.local/lib/python3.12/site-packages/airflow/example_dags/example_subdag_operator.py took 0.153 seconds
