[2025-05-02T19:33:05.750+0000] {processor.py:161} INFO - Started process (PID=57) to work on /home/airflow/.local/lib/python3.12/site-packages/airflow/example_dags/example_datasets.py
[2025-05-02T19:33:05.751+0000] {processor.py:830} INFO - Processing file /home/airflow/.local/lib/python3.12/site-packages/airflow/example_dags/example_datasets.py for tasks to queue
[2025-05-02T19:33:05.754+0000] {logging_mixin.py:188} INFO - [2025-05-02T19:33:05.753+0000] {dagbag.py:540} INFO - Filling up the DagBag from /home/airflow/.local/lib/python3.12/site-packages/airflow/example_dags/example_datasets.py
[2025-05-02T19:33:06.123+0000] {processor.py:840} INFO - DAG(s) 'conditional_dataset_and_time_based_timetable', 'consume_1_or_2_with_dataset_expressions', 'dataset_consumes_1', 'dataset_consumes_1_and_2', 'dataset_consumes_1_never_scheduled', 'dataset_produces_2', 'dataset_consumes_unknown_never_scheduled', 'consume_1_and_2_with_dataset_expressions', 'dataset_produces_1', 'consume_1_or_both_2_and_3_with_dataset_expressions' retrieved from /home/airflow/.local/lib/python3.12/site-packages/airflow/example_dags/example_datasets.py
[2025-05-02T19:33:06.148+0000] {logging_mixin.py:188} INFO - [2025-05-02T19:33:06.148+0000] {dag.py:3096} INFO - Sync 10 DAGs
[2025-05-02T19:33:06.183+0000] {logging_mixin.py:188} INFO - [2025-05-02T19:33:06.183+0000] {dag.py:3954} INFO - Setting next_dagrun for conditional_dataset_and_time_based_timetable to 2025-04-30 01:00:00+00:00, run_after=2025-04-30 01:00:00+00:00
[2025-05-02T19:33:06.191+0000] {logging_mixin.py:188} INFO - [2025-05-02T19:33:06.191+0000] {dag.py:3954} INFO - Setting next_dagrun for consume_1_and_2_with_dataset_expressions to None, run_after=None
[2025-05-02T19:33:06.193+0000] {logging_mixin.py:188} INFO - [2025-05-02T19:33:06.193+0000] {dag.py:3954} INFO - Setting next_dagrun for consume_1_or_2_with_dataset_expressions to None, run_after=None
[2025-05-02T19:33:06.194+0000] {logging_mixin.py:188} INFO - [2025-05-02T19:33:06.194+0000] {dag.py:3954} INFO - Setting next_dagrun for consume_1_or_both_2_and_3_with_dataset_expressions to None, run_after=None
[2025-05-02T19:33:06.195+0000] {logging_mixin.py:188} INFO - [2025-05-02T19:33:06.195+0000] {dag.py:3954} INFO - Setting next_dagrun for dataset_consumes_1 to None, run_after=None
[2025-05-02T19:33:06.197+0000] {logging_mixin.py:188} INFO - [2025-05-02T19:33:06.196+0000] {dag.py:3954} INFO - Setting next_dagrun for dataset_consumes_1_and_2 to None, run_after=None
[2025-05-02T19:33:06.198+0000] {logging_mixin.py:188} INFO - [2025-05-02T19:33:06.198+0000] {dag.py:3954} INFO - Setting next_dagrun for dataset_consumes_1_never_scheduled to None, run_after=None
[2025-05-02T19:33:06.199+0000] {logging_mixin.py:188} INFO - [2025-05-02T19:33:06.199+0000] {dag.py:3954} INFO - Setting next_dagrun for dataset_consumes_unknown_never_scheduled to None, run_after=None
[2025-05-02T19:33:06.201+0000] {logging_mixin.py:188} INFO - [2025-05-02T19:33:06.201+0000] {dag.py:3954} INFO - Setting next_dagrun for dataset_produces_1 to 2025-05-01 00:00:00+00:00, run_after=2025-05-02 00:00:00+00:00
[2025-05-02T19:33:06.203+0000] {logging_mixin.py:188} INFO - [2025-05-02T19:33:06.203+0000] {dag.py:3954} INFO - Setting next_dagrun for dataset_produces_2 to None, run_after=None
[2025-05-02T19:33:06.259+0000] {processor.py:183} INFO - Processing /home/airflow/.local/lib/python3.12/site-packages/airflow/example_dags/example_datasets.py took 0.521 seconds
[2025-05-02T19:33:36.417+0000] {processor.py:161} INFO - Started process (PID=117) to work on /home/airflow/.local/lib/python3.12/site-packages/airflow/example_dags/example_datasets.py
[2025-05-02T19:33:36.418+0000] {processor.py:830} INFO - Processing file /home/airflow/.local/lib/python3.12/site-packages/airflow/example_dags/example_datasets.py for tasks to queue
[2025-05-02T19:33:36.420+0000] {logging_mixin.py:188} INFO - [2025-05-02T19:33:36.420+0000] {dagbag.py:540} INFO - Filling up the DagBag from /home/airflow/.local/lib/python3.12/site-packages/airflow/example_dags/example_datasets.py
[2025-05-02T19:33:36.542+0000] {processor.py:840} INFO - DAG(s) 'conditional_dataset_and_time_based_timetable', 'consume_1_or_2_with_dataset_expressions', 'dataset_consumes_1', 'dataset_produces_2', 'dataset_produces_1', 'consume_1_or_both_2_and_3_with_dataset_expressions', 'consume_1_and_2_with_dataset_expressions', 'dataset_consumes_unknown_never_scheduled', 'dataset_consumes_1_and_2', 'dataset_consumes_1_never_scheduled' retrieved from /home/airflow/.local/lib/python3.12/site-packages/airflow/example_dags/example_datasets.py
[2025-05-02T19:33:36.703+0000] {logging_mixin.py:188} INFO - [2025-05-02T19:33:36.703+0000] {dag.py:3096} INFO - Sync 10 DAGs
[2025-05-02T19:33:36.721+0000] {logging_mixin.py:188} INFO - [2025-05-02T19:33:36.720+0000] {dag.py:3954} INFO - Setting next_dagrun for conditional_dataset_and_time_based_timetable to 2025-04-30 01:00:00+00:00, run_after=2025-04-30 01:00:00+00:00
[2025-05-02T19:33:36.723+0000] {logging_mixin.py:188} INFO - [2025-05-02T19:33:36.723+0000] {dag.py:3954} INFO - Setting next_dagrun for consume_1_and_2_with_dataset_expressions to None, run_after=None
[2025-05-02T19:33:36.725+0000] {logging_mixin.py:188} INFO - [2025-05-02T19:33:36.725+0000] {dag.py:3954} INFO - Setting next_dagrun for consume_1_or_2_with_dataset_expressions to None, run_after=None
[2025-05-02T19:33:36.726+0000] {logging_mixin.py:188} INFO - [2025-05-02T19:33:36.726+0000] {dag.py:3954} INFO - Setting next_dagrun for consume_1_or_both_2_and_3_with_dataset_expressions to None, run_after=None
[2025-05-02T19:33:36.727+0000] {logging_mixin.py:188} INFO - [2025-05-02T19:33:36.727+0000] {dag.py:3954} INFO - Setting next_dagrun for dataset_consumes_1 to None, run_after=None
[2025-05-02T19:33:36.728+0000] {logging_mixin.py:188} INFO - [2025-05-02T19:33:36.728+0000] {dag.py:3954} INFO - Setting next_dagrun for dataset_consumes_1_and_2 to None, run_after=None
[2025-05-02T19:33:36.729+0000] {logging_mixin.py:188} INFO - [2025-05-02T19:33:36.729+0000] {dag.py:3954} INFO - Setting next_dagrun for dataset_consumes_1_never_scheduled to None, run_after=None
[2025-05-02T19:33:36.730+0000] {logging_mixin.py:188} INFO - [2025-05-02T19:33:36.730+0000] {dag.py:3954} INFO - Setting next_dagrun for dataset_consumes_unknown_never_scheduled to None, run_after=None
[2025-05-02T19:33:36.732+0000] {logging_mixin.py:188} INFO - [2025-05-02T19:33:36.732+0000] {dag.py:3954} INFO - Setting next_dagrun for dataset_produces_1 to 2025-05-01 00:00:00+00:00, run_after=2025-05-02 00:00:00+00:00
[2025-05-02T19:33:36.733+0000] {logging_mixin.py:188} INFO - [2025-05-02T19:33:36.733+0000] {dag.py:3954} INFO - Setting next_dagrun for dataset_produces_2 to None, run_after=None
[2025-05-02T19:33:36.769+0000] {processor.py:183} INFO - Processing /home/airflow/.local/lib/python3.12/site-packages/airflow/example_dags/example_datasets.py took 0.357 seconds
[2025-05-02T19:34:07.124+0000] {processor.py:161} INFO - Started process (PID=173) to work on /home/airflow/.local/lib/python3.12/site-packages/airflow/example_dags/example_datasets.py
[2025-05-02T19:34:07.125+0000] {processor.py:830} INFO - Processing file /home/airflow/.local/lib/python3.12/site-packages/airflow/example_dags/example_datasets.py for tasks to queue
[2025-05-02T19:34:07.127+0000] {logging_mixin.py:188} INFO - [2025-05-02T19:34:07.126+0000] {dagbag.py:540} INFO - Filling up the DagBag from /home/airflow/.local/lib/python3.12/site-packages/airflow/example_dags/example_datasets.py
[2025-05-02T19:34:07.241+0000] {processor.py:840} INFO - DAG(s) 'consume_1_and_2_with_dataset_expressions', 'dataset_consumes_unknown_never_scheduled', 'dataset_consumes_1_and_2', 'consume_1_or_both_2_and_3_with_dataset_expressions', 'dataset_produces_2', 'dataset_consumes_1', 'conditional_dataset_and_time_based_timetable', 'dataset_produces_1', 'dataset_consumes_1_never_scheduled', 'consume_1_or_2_with_dataset_expressions' retrieved from /home/airflow/.local/lib/python3.12/site-packages/airflow/example_dags/example_datasets.py
[2025-05-02T19:34:07.289+0000] {logging_mixin.py:188} INFO - [2025-05-02T19:34:07.288+0000] {dag.py:3096} INFO - Sync 10 DAGs
[2025-05-02T19:34:07.312+0000] {logging_mixin.py:188} INFO - [2025-05-02T19:34:07.312+0000] {dag.py:3954} INFO - Setting next_dagrun for conditional_dataset_and_time_based_timetable to 2025-04-30 01:00:00+00:00, run_after=2025-04-30 01:00:00+00:00
[2025-05-02T19:34:07.316+0000] {logging_mixin.py:188} INFO - [2025-05-02T19:34:07.316+0000] {dag.py:3954} INFO - Setting next_dagrun for consume_1_and_2_with_dataset_expressions to None, run_after=None
[2025-05-02T19:34:07.317+0000] {logging_mixin.py:188} INFO - [2025-05-02T19:34:07.317+0000] {dag.py:3954} INFO - Setting next_dagrun for consume_1_or_2_with_dataset_expressions to None, run_after=None
[2025-05-02T19:34:07.318+0000] {logging_mixin.py:188} INFO - [2025-05-02T19:34:07.318+0000] {dag.py:3954} INFO - Setting next_dagrun for consume_1_or_both_2_and_3_with_dataset_expressions to None, run_after=None
[2025-05-02T19:34:07.319+0000] {logging_mixin.py:188} INFO - [2025-05-02T19:34:07.319+0000] {dag.py:3954} INFO - Setting next_dagrun for dataset_consumes_1 to None, run_after=None
[2025-05-02T19:34:07.319+0000] {logging_mixin.py:188} INFO - [2025-05-02T19:34:07.319+0000] {dag.py:3954} INFO - Setting next_dagrun for dataset_consumes_1_and_2 to None, run_after=None
[2025-05-02T19:34:07.320+0000] {logging_mixin.py:188} INFO - [2025-05-02T19:34:07.320+0000] {dag.py:3954} INFO - Setting next_dagrun for dataset_consumes_1_never_scheduled to None, run_after=None
[2025-05-02T19:34:07.321+0000] {logging_mixin.py:188} INFO - [2025-05-02T19:34:07.321+0000] {dag.py:3954} INFO - Setting next_dagrun for dataset_consumes_unknown_never_scheduled to None, run_after=None
[2025-05-02T19:34:07.323+0000] {logging_mixin.py:188} INFO - [2025-05-02T19:34:07.323+0000] {dag.py:3954} INFO - Setting next_dagrun for dataset_produces_1 to 2025-05-01 00:00:00+00:00, run_after=2025-05-02 00:00:00+00:00
[2025-05-02T19:34:07.324+0000] {logging_mixin.py:188} INFO - [2025-05-02T19:34:07.324+0000] {dag.py:3954} INFO - Setting next_dagrun for dataset_produces_2 to None, run_after=None
[2025-05-02T19:34:07.350+0000] {processor.py:183} INFO - Processing /home/airflow/.local/lib/python3.12/site-packages/airflow/example_dags/example_datasets.py took 0.233 seconds
[2025-05-02T19:34:38.452+0000] {processor.py:161} INFO - Started process (PID=231) to work on /home/airflow/.local/lib/python3.12/site-packages/airflow/example_dags/example_datasets.py
[2025-05-02T19:34:38.452+0000] {processor.py:830} INFO - Processing file /home/airflow/.local/lib/python3.12/site-packages/airflow/example_dags/example_datasets.py for tasks to queue
[2025-05-02T19:34:38.454+0000] {logging_mixin.py:188} INFO - [2025-05-02T19:34:38.454+0000] {dagbag.py:540} INFO - Filling up the DagBag from /home/airflow/.local/lib/python3.12/site-packages/airflow/example_dags/example_datasets.py
[2025-05-02T19:34:38.594+0000] {processor.py:840} INFO - DAG(s) 'dataset_consumes_1_and_2', 'conditional_dataset_and_time_based_timetable', 'dataset_consumes_1_never_scheduled', 'consume_1_or_2_with_dataset_expressions', 'dataset_produces_1', 'consume_1_or_both_2_and_3_with_dataset_expressions', 'dataset_produces_2', 'dataset_consumes_unknown_never_scheduled', 'dataset_consumes_1', 'consume_1_and_2_with_dataset_expressions' retrieved from /home/airflow/.local/lib/python3.12/site-packages/airflow/example_dags/example_datasets.py
[2025-05-02T19:34:38.644+0000] {logging_mixin.py:188} INFO - [2025-05-02T19:34:38.644+0000] {dag.py:3096} INFO - Sync 10 DAGs
[2025-05-02T19:34:38.670+0000] {logging_mixin.py:188} INFO - [2025-05-02T19:34:38.670+0000] {dag.py:3954} INFO - Setting next_dagrun for conditional_dataset_and_time_based_timetable to 2025-04-30 01:00:00+00:00, run_after=2025-04-30 01:00:00+00:00
[2025-05-02T19:34:38.674+0000] {logging_mixin.py:188} INFO - [2025-05-02T19:34:38.673+0000] {dag.py:3954} INFO - Setting next_dagrun for consume_1_and_2_with_dataset_expressions to None, run_after=None
[2025-05-02T19:34:38.675+0000] {logging_mixin.py:188} INFO - [2025-05-02T19:34:38.675+0000] {dag.py:3954} INFO - Setting next_dagrun for consume_1_or_2_with_dataset_expressions to None, run_after=None
[2025-05-02T19:34:38.676+0000] {logging_mixin.py:188} INFO - [2025-05-02T19:34:38.676+0000] {dag.py:3954} INFO - Setting next_dagrun for consume_1_or_both_2_and_3_with_dataset_expressions to None, run_after=None
[2025-05-02T19:34:38.678+0000] {logging_mixin.py:188} INFO - [2025-05-02T19:34:38.678+0000] {dag.py:3954} INFO - Setting next_dagrun for dataset_consumes_1 to None, run_after=None
[2025-05-02T19:34:38.680+0000] {logging_mixin.py:188} INFO - [2025-05-02T19:34:38.680+0000] {dag.py:3954} INFO - Setting next_dagrun for dataset_consumes_1_and_2 to None, run_after=None
[2025-05-02T19:34:38.681+0000] {logging_mixin.py:188} INFO - [2025-05-02T19:34:38.681+0000] {dag.py:3954} INFO - Setting next_dagrun for dataset_consumes_1_never_scheduled to None, run_after=None
[2025-05-02T19:34:38.682+0000] {logging_mixin.py:188} INFO - [2025-05-02T19:34:38.682+0000] {dag.py:3954} INFO - Setting next_dagrun for dataset_consumes_unknown_never_scheduled to None, run_after=None
[2025-05-02T19:34:38.684+0000] {logging_mixin.py:188} INFO - [2025-05-02T19:34:38.683+0000] {dag.py:3954} INFO - Setting next_dagrun for dataset_produces_1 to 2025-05-01 00:00:00+00:00, run_after=2025-05-02 00:00:00+00:00
[2025-05-02T19:34:38.684+0000] {logging_mixin.py:188} INFO - [2025-05-02T19:34:38.684+0000] {dag.py:3954} INFO - Setting next_dagrun for dataset_produces_2 to None, run_after=None
[2025-05-02T19:34:38.715+0000] {processor.py:183} INFO - Processing /home/airflow/.local/lib/python3.12/site-packages/airflow/example_dags/example_datasets.py took 0.269 seconds
[2025-05-02T19:35:09.293+0000] {processor.py:161} INFO - Started process (PID=291) to work on /home/airflow/.local/lib/python3.12/site-packages/airflow/example_dags/example_datasets.py
[2025-05-02T19:35:09.294+0000] {processor.py:830} INFO - Processing file /home/airflow/.local/lib/python3.12/site-packages/airflow/example_dags/example_datasets.py for tasks to queue
[2025-05-02T19:35:09.296+0000] {logging_mixin.py:188} INFO - [2025-05-02T19:35:09.296+0000] {dagbag.py:540} INFO - Filling up the DagBag from /home/airflow/.local/lib/python3.12/site-packages/airflow/example_dags/example_datasets.py
[2025-05-02T19:35:09.398+0000] {processor.py:840} INFO - DAG(s) 'consume_1_or_both_2_and_3_with_dataset_expressions', 'dataset_produces_1', 'dataset_consumes_unknown_never_scheduled', 'consume_1_and_2_with_dataset_expressions', 'conditional_dataset_and_time_based_timetable', 'dataset_consumes_1', 'dataset_consumes_1_never_scheduled', 'dataset_consumes_1_and_2', 'dataset_produces_2', 'consume_1_or_2_with_dataset_expressions' retrieved from /home/airflow/.local/lib/python3.12/site-packages/airflow/example_dags/example_datasets.py
[2025-05-02T19:35:09.434+0000] {logging_mixin.py:188} INFO - [2025-05-02T19:35:09.434+0000] {dag.py:3096} INFO - Sync 10 DAGs
[2025-05-02T19:35:09.454+0000] {logging_mixin.py:188} INFO - [2025-05-02T19:35:09.454+0000] {dag.py:3954} INFO - Setting next_dagrun for conditional_dataset_and_time_based_timetable to 2025-04-30 01:00:00+00:00, run_after=2025-04-30 01:00:00+00:00
[2025-05-02T19:35:09.457+0000] {logging_mixin.py:188} INFO - [2025-05-02T19:35:09.457+0000] {dag.py:3954} INFO - Setting next_dagrun for consume_1_and_2_with_dataset_expressions to None, run_after=None
[2025-05-02T19:35:09.458+0000] {logging_mixin.py:188} INFO - [2025-05-02T19:35:09.457+0000] {dag.py:3954} INFO - Setting next_dagrun for consume_1_or_2_with_dataset_expressions to None, run_after=None
[2025-05-02T19:35:09.458+0000] {logging_mixin.py:188} INFO - [2025-05-02T19:35:09.458+0000] {dag.py:3954} INFO - Setting next_dagrun for consume_1_or_both_2_and_3_with_dataset_expressions to None, run_after=None
[2025-05-02T19:35:09.459+0000] {logging_mixin.py:188} INFO - [2025-05-02T19:35:09.459+0000] {dag.py:3954} INFO - Setting next_dagrun for dataset_consumes_1 to None, run_after=None
[2025-05-02T19:35:09.460+0000] {logging_mixin.py:188} INFO - [2025-05-02T19:35:09.460+0000] {dag.py:3954} INFO - Setting next_dagrun for dataset_consumes_1_and_2 to None, run_after=None
[2025-05-02T19:35:09.461+0000] {logging_mixin.py:188} INFO - [2025-05-02T19:35:09.461+0000] {dag.py:3954} INFO - Setting next_dagrun for dataset_consumes_1_never_scheduled to None, run_after=None
[2025-05-02T19:35:09.461+0000] {logging_mixin.py:188} INFO - [2025-05-02T19:35:09.461+0000] {dag.py:3954} INFO - Setting next_dagrun for dataset_consumes_unknown_never_scheduled to None, run_after=None
[2025-05-02T19:35:09.463+0000] {logging_mixin.py:188} INFO - [2025-05-02T19:35:09.463+0000] {dag.py:3954} INFO - Setting next_dagrun for dataset_produces_1 to 2025-05-01 00:00:00+00:00, run_after=2025-05-02 00:00:00+00:00
[2025-05-02T19:35:09.463+0000] {logging_mixin.py:188} INFO - [2025-05-02T19:35:09.463+0000] {dag.py:3954} INFO - Setting next_dagrun for dataset_produces_2 to None, run_after=None
[2025-05-02T19:35:09.489+0000] {processor.py:183} INFO - Processing /home/airflow/.local/lib/python3.12/site-packages/airflow/example_dags/example_datasets.py took 0.201 seconds
[2025-05-02T19:35:39.690+0000] {processor.py:161} INFO - Started process (PID=350) to work on /home/airflow/.local/lib/python3.12/site-packages/airflow/example_dags/example_datasets.py
[2025-05-02T19:35:39.691+0000] {processor.py:830} INFO - Processing file /home/airflow/.local/lib/python3.12/site-packages/airflow/example_dags/example_datasets.py for tasks to queue
[2025-05-02T19:35:39.693+0000] {logging_mixin.py:188} INFO - [2025-05-02T19:35:39.693+0000] {dagbag.py:540} INFO - Filling up the DagBag from /home/airflow/.local/lib/python3.12/site-packages/airflow/example_dags/example_datasets.py
[2025-05-02T19:35:39.815+0000] {processor.py:840} INFO - DAG(s) 'consume_1_or_2_with_dataset_expressions', 'dataset_consumes_1_and_2', 'consume_1_or_both_2_and_3_with_dataset_expressions', 'dataset_consumes_1_never_scheduled', 'dataset_consumes_unknown_never_scheduled', 'conditional_dataset_and_time_based_timetable', 'consume_1_and_2_with_dataset_expressions', 'dataset_consumes_1', 'dataset_produces_2', 'dataset_produces_1' retrieved from /home/airflow/.local/lib/python3.12/site-packages/airflow/example_dags/example_datasets.py
[2025-05-02T19:35:39.855+0000] {logging_mixin.py:188} INFO - [2025-05-02T19:35:39.854+0000] {dag.py:3096} INFO - Sync 10 DAGs
[2025-05-02T19:35:39.873+0000] {logging_mixin.py:188} INFO - [2025-05-02T19:35:39.873+0000] {dag.py:3954} INFO - Setting next_dagrun for conditional_dataset_and_time_based_timetable to 2025-04-30 01:00:00+00:00, run_after=2025-04-30 01:00:00+00:00
[2025-05-02T19:35:39.876+0000] {logging_mixin.py:188} INFO - [2025-05-02T19:35:39.876+0000] {dag.py:3954} INFO - Setting next_dagrun for consume_1_and_2_with_dataset_expressions to None, run_after=None
[2025-05-02T19:35:39.877+0000] {logging_mixin.py:188} INFO - [2025-05-02T19:35:39.877+0000] {dag.py:3954} INFO - Setting next_dagrun for consume_1_or_2_with_dataset_expressions to None, run_after=None
[2025-05-02T19:35:39.878+0000] {logging_mixin.py:188} INFO - [2025-05-02T19:35:39.878+0000] {dag.py:3954} INFO - Setting next_dagrun for consume_1_or_both_2_and_3_with_dataset_expressions to None, run_after=None
[2025-05-02T19:35:39.879+0000] {logging_mixin.py:188} INFO - [2025-05-02T19:35:39.879+0000] {dag.py:3954} INFO - Setting next_dagrun for dataset_consumes_1 to None, run_after=None
[2025-05-02T19:35:39.880+0000] {logging_mixin.py:188} INFO - [2025-05-02T19:35:39.879+0000] {dag.py:3954} INFO - Setting next_dagrun for dataset_consumes_1_and_2 to None, run_after=None
[2025-05-02T19:35:39.880+0000] {logging_mixin.py:188} INFO - [2025-05-02T19:35:39.880+0000] {dag.py:3954} INFO - Setting next_dagrun for dataset_consumes_1_never_scheduled to None, run_after=None
[2025-05-02T19:35:39.881+0000] {logging_mixin.py:188} INFO - [2025-05-02T19:35:39.881+0000] {dag.py:3954} INFO - Setting next_dagrun for dataset_consumes_unknown_never_scheduled to None, run_after=None
[2025-05-02T19:35:39.882+0000] {logging_mixin.py:188} INFO - [2025-05-02T19:35:39.882+0000] {dag.py:3954} INFO - Setting next_dagrun for dataset_produces_1 to 2025-05-01 00:00:00+00:00, run_after=2025-05-02 00:00:00+00:00
[2025-05-02T19:35:39.883+0000] {logging_mixin.py:188} INFO - [2025-05-02T19:35:39.883+0000] {dag.py:3954} INFO - Setting next_dagrun for dataset_produces_2 to None, run_after=None
[2025-05-02T19:35:39.910+0000] {processor.py:183} INFO - Processing /home/airflow/.local/lib/python3.12/site-packages/airflow/example_dags/example_datasets.py took 0.227 seconds
[2025-05-02T19:36:10.210+0000] {processor.py:161} INFO - Started process (PID=408) to work on /home/airflow/.local/lib/python3.12/site-packages/airflow/example_dags/example_datasets.py
[2025-05-02T19:36:10.213+0000] {processor.py:830} INFO - Processing file /home/airflow/.local/lib/python3.12/site-packages/airflow/example_dags/example_datasets.py for tasks to queue
[2025-05-02T19:36:10.215+0000] {logging_mixin.py:188} INFO - [2025-05-02T19:36:10.214+0000] {dagbag.py:540} INFO - Filling up the DagBag from /home/airflow/.local/lib/python3.12/site-packages/airflow/example_dags/example_datasets.py
[2025-05-02T19:36:10.320+0000] {processor.py:840} INFO - DAG(s) 'consume_1_and_2_with_dataset_expressions', 'dataset_consumes_1', 'dataset_consumes_unknown_never_scheduled', 'consume_1_or_2_with_dataset_expressions', 'dataset_consumes_1_and_2', 'consume_1_or_both_2_and_3_with_dataset_expressions', 'dataset_consumes_1_never_scheduled', 'dataset_produces_1', 'dataset_produces_2', 'conditional_dataset_and_time_based_timetable' retrieved from /home/airflow/.local/lib/python3.12/site-packages/airflow/example_dags/example_datasets.py
[2025-05-02T19:36:10.354+0000] {logging_mixin.py:188} INFO - [2025-05-02T19:36:10.354+0000] {dag.py:3096} INFO - Sync 10 DAGs
[2025-05-02T19:36:10.373+0000] {logging_mixin.py:188} INFO - [2025-05-02T19:36:10.373+0000] {dag.py:3954} INFO - Setting next_dagrun for conditional_dataset_and_time_based_timetable to 2025-04-30 01:00:00+00:00, run_after=2025-04-30 01:00:00+00:00
[2025-05-02T19:36:10.376+0000] {logging_mixin.py:188} INFO - [2025-05-02T19:36:10.376+0000] {dag.py:3954} INFO - Setting next_dagrun for consume_1_and_2_with_dataset_expressions to None, run_after=None
[2025-05-02T19:36:10.377+0000] {logging_mixin.py:188} INFO - [2025-05-02T19:36:10.377+0000] {dag.py:3954} INFO - Setting next_dagrun for consume_1_or_2_with_dataset_expressions to None, run_after=None
[2025-05-02T19:36:10.378+0000] {logging_mixin.py:188} INFO - [2025-05-02T19:36:10.378+0000] {dag.py:3954} INFO - Setting next_dagrun for consume_1_or_both_2_and_3_with_dataset_expressions to None, run_after=None
[2025-05-02T19:36:10.379+0000] {logging_mixin.py:188} INFO - [2025-05-02T19:36:10.379+0000] {dag.py:3954} INFO - Setting next_dagrun for dataset_consumes_1 to None, run_after=None
[2025-05-02T19:36:10.380+0000] {logging_mixin.py:188} INFO - [2025-05-02T19:36:10.380+0000] {dag.py:3954} INFO - Setting next_dagrun for dataset_consumes_1_and_2 to None, run_after=None
[2025-05-02T19:36:10.381+0000] {logging_mixin.py:188} INFO - [2025-05-02T19:36:10.381+0000] {dag.py:3954} INFO - Setting next_dagrun for dataset_consumes_1_never_scheduled to None, run_after=None
[2025-05-02T19:36:10.382+0000] {logging_mixin.py:188} INFO - [2025-05-02T19:36:10.382+0000] {dag.py:3954} INFO - Setting next_dagrun for dataset_consumes_unknown_never_scheduled to None, run_after=None
[2025-05-02T19:36:10.383+0000] {logging_mixin.py:188} INFO - [2025-05-02T19:36:10.383+0000] {dag.py:3954} INFO - Setting next_dagrun for dataset_produces_1 to 2025-05-01 00:00:00+00:00, run_after=2025-05-02 00:00:00+00:00
[2025-05-02T19:36:10.384+0000] {logging_mixin.py:188} INFO - [2025-05-02T19:36:10.384+0000] {dag.py:3954} INFO - Setting next_dagrun for dataset_produces_2 to None, run_after=None
[2025-05-02T19:36:10.408+0000] {processor.py:183} INFO - Processing /home/airflow/.local/lib/python3.12/site-packages/airflow/example_dags/example_datasets.py took 0.202 seconds
[2025-05-02T19:36:40.633+0000] {processor.py:161} INFO - Started process (PID=467) to work on /home/airflow/.local/lib/python3.12/site-packages/airflow/example_dags/example_datasets.py
[2025-05-02T19:36:40.633+0000] {processor.py:830} INFO - Processing file /home/airflow/.local/lib/python3.12/site-packages/airflow/example_dags/example_datasets.py for tasks to queue
[2025-05-02T19:36:40.635+0000] {logging_mixin.py:188} INFO - [2025-05-02T19:36:40.635+0000] {dagbag.py:540} INFO - Filling up the DagBag from /home/airflow/.local/lib/python3.12/site-packages/airflow/example_dags/example_datasets.py
[2025-05-02T19:36:40.771+0000] {processor.py:840} INFO - DAG(s) 'dataset_consumes_unknown_never_scheduled', 'dataset_produces_1', 'dataset_consumes_1', 'dataset_produces_2', 'consume_1_and_2_with_dataset_expressions', 'conditional_dataset_and_time_based_timetable', 'consume_1_or_both_2_and_3_with_dataset_expressions', 'dataset_consumes_1_and_2', 'dataset_consumes_1_never_scheduled', 'consume_1_or_2_with_dataset_expressions' retrieved from /home/airflow/.local/lib/python3.12/site-packages/airflow/example_dags/example_datasets.py
[2025-05-02T19:36:40.814+0000] {logging_mixin.py:188} INFO - [2025-05-02T19:36:40.814+0000] {dag.py:3096} INFO - Sync 10 DAGs
[2025-05-02T19:36:40.834+0000] {logging_mixin.py:188} INFO - [2025-05-02T19:36:40.834+0000] {dag.py:3954} INFO - Setting next_dagrun for conditional_dataset_and_time_based_timetable to 2025-04-30 01:00:00+00:00, run_after=2025-04-30 01:00:00+00:00
[2025-05-02T19:36:40.838+0000] {logging_mixin.py:188} INFO - [2025-05-02T19:36:40.837+0000] {dag.py:3954} INFO - Setting next_dagrun for consume_1_and_2_with_dataset_expressions to None, run_after=None
[2025-05-02T19:36:40.839+0000] {logging_mixin.py:188} INFO - [2025-05-02T19:36:40.839+0000] {dag.py:3954} INFO - Setting next_dagrun for consume_1_or_2_with_dataset_expressions to None, run_after=None
[2025-05-02T19:36:40.840+0000] {logging_mixin.py:188} INFO - [2025-05-02T19:36:40.840+0000] {dag.py:3954} INFO - Setting next_dagrun for consume_1_or_both_2_and_3_with_dataset_expressions to None, run_after=None
[2025-05-02T19:36:40.841+0000] {logging_mixin.py:188} INFO - [2025-05-02T19:36:40.841+0000] {dag.py:3954} INFO - Setting next_dagrun for dataset_consumes_1 to None, run_after=None
[2025-05-02T19:36:40.842+0000] {logging_mixin.py:188} INFO - [2025-05-02T19:36:40.841+0000] {dag.py:3954} INFO - Setting next_dagrun for dataset_consumes_1_and_2 to None, run_after=None
[2025-05-02T19:36:40.842+0000] {logging_mixin.py:188} INFO - [2025-05-02T19:36:40.842+0000] {dag.py:3954} INFO - Setting next_dagrun for dataset_consumes_1_never_scheduled to None, run_after=None
[2025-05-02T19:36:40.843+0000] {logging_mixin.py:188} INFO - [2025-05-02T19:36:40.843+0000] {dag.py:3954} INFO - Setting next_dagrun for dataset_consumes_unknown_never_scheduled to None, run_after=None
[2025-05-02T19:36:40.845+0000] {logging_mixin.py:188} INFO - [2025-05-02T19:36:40.845+0000] {dag.py:3954} INFO - Setting next_dagrun for dataset_produces_1 to 2025-05-01 00:00:00+00:00, run_after=2025-05-02 00:00:00+00:00
[2025-05-02T19:36:40.846+0000] {logging_mixin.py:188} INFO - [2025-05-02T19:36:40.846+0000] {dag.py:3954} INFO - Setting next_dagrun for dataset_produces_2 to None, run_after=None
[2025-05-02T19:36:40.875+0000] {processor.py:183} INFO - Processing /home/airflow/.local/lib/python3.12/site-packages/airflow/example_dags/example_datasets.py took 0.249 seconds
[2025-05-02T19:37:10.943+0000] {processor.py:161} INFO - Started process (PID=525) to work on /home/airflow/.local/lib/python3.12/site-packages/airflow/example_dags/example_datasets.py
[2025-05-02T19:37:10.945+0000] {processor.py:830} INFO - Processing file /home/airflow/.local/lib/python3.12/site-packages/airflow/example_dags/example_datasets.py for tasks to queue
[2025-05-02T19:37:10.947+0000] {logging_mixin.py:188} INFO - [2025-05-02T19:37:10.946+0000] {dagbag.py:540} INFO - Filling up the DagBag from /home/airflow/.local/lib/python3.12/site-packages/airflow/example_dags/example_datasets.py
[2025-05-02T19:37:11.078+0000] {processor.py:840} INFO - DAG(s) 'dataset_consumes_1_never_scheduled', 'dataset_consumes_1_and_2', 'dataset_produces_1', 'consume_1_or_both_2_and_3_with_dataset_expressions', 'conditional_dataset_and_time_based_timetable', 'consume_1_and_2_with_dataset_expressions', 'dataset_consumes_unknown_never_scheduled', 'dataset_produces_2', 'dataset_consumes_1', 'consume_1_or_2_with_dataset_expressions' retrieved from /home/airflow/.local/lib/python3.12/site-packages/airflow/example_dags/example_datasets.py
[2025-05-02T19:37:11.117+0000] {logging_mixin.py:188} INFO - [2025-05-02T19:37:11.117+0000] {dag.py:3096} INFO - Sync 10 DAGs
[2025-05-02T19:37:11.149+0000] {logging_mixin.py:188} INFO - [2025-05-02T19:37:11.148+0000] {dag.py:3954} INFO - Setting next_dagrun for conditional_dataset_and_time_based_timetable to 2025-04-30 01:00:00+00:00, run_after=2025-04-30 01:00:00+00:00
[2025-05-02T19:37:11.153+0000] {logging_mixin.py:188} INFO - [2025-05-02T19:37:11.153+0000] {dag.py:3954} INFO - Setting next_dagrun for consume_1_and_2_with_dataset_expressions to None, run_after=None
[2025-05-02T19:37:11.154+0000] {logging_mixin.py:188} INFO - [2025-05-02T19:37:11.154+0000] {dag.py:3954} INFO - Setting next_dagrun for consume_1_or_2_with_dataset_expressions to None, run_after=None
[2025-05-02T19:37:11.155+0000] {logging_mixin.py:188} INFO - [2025-05-02T19:37:11.155+0000] {dag.py:3954} INFO - Setting next_dagrun for consume_1_or_both_2_and_3_with_dataset_expressions to None, run_after=None
[2025-05-02T19:37:11.156+0000] {logging_mixin.py:188} INFO - [2025-05-02T19:37:11.156+0000] {dag.py:3954} INFO - Setting next_dagrun for dataset_consumes_1 to None, run_after=None
[2025-05-02T19:37:11.157+0000] {logging_mixin.py:188} INFO - [2025-05-02T19:37:11.157+0000] {dag.py:3954} INFO - Setting next_dagrun for dataset_consumes_1_and_2 to None, run_after=None
[2025-05-02T19:37:11.159+0000] {logging_mixin.py:188} INFO - [2025-05-02T19:37:11.158+0000] {dag.py:3954} INFO - Setting next_dagrun for dataset_consumes_1_never_scheduled to None, run_after=None
[2025-05-02T19:37:11.160+0000] {logging_mixin.py:188} INFO - [2025-05-02T19:37:11.160+0000] {dag.py:3954} INFO - Setting next_dagrun for dataset_consumes_unknown_never_scheduled to None, run_after=None
[2025-05-02T19:37:11.162+0000] {logging_mixin.py:188} INFO - [2025-05-02T19:37:11.162+0000] {dag.py:3954} INFO - Setting next_dagrun for dataset_produces_1 to 2025-05-01 00:00:00+00:00, run_after=2025-05-02 00:00:00+00:00
[2025-05-02T19:37:11.163+0000] {logging_mixin.py:188} INFO - [2025-05-02T19:37:11.163+0000] {dag.py:3954} INFO - Setting next_dagrun for dataset_produces_2 to None, run_after=None
[2025-05-02T19:37:11.199+0000] {processor.py:183} INFO - Processing /home/airflow/.local/lib/python3.12/site-packages/airflow/example_dags/example_datasets.py took 0.261 seconds
[2025-05-02T19:37:41.230+0000] {processor.py:161} INFO - Started process (PID=579) to work on /home/airflow/.local/lib/python3.12/site-packages/airflow/example_dags/example_datasets.py
[2025-05-02T19:37:41.231+0000] {processor.py:830} INFO - Processing file /home/airflow/.local/lib/python3.12/site-packages/airflow/example_dags/example_datasets.py for tasks to queue
[2025-05-02T19:37:41.233+0000] {logging_mixin.py:188} INFO - [2025-05-02T19:37:41.232+0000] {dagbag.py:540} INFO - Filling up the DagBag from /home/airflow/.local/lib/python3.12/site-packages/airflow/example_dags/example_datasets.py
[2025-05-02T19:37:41.364+0000] {processor.py:840} INFO - DAG(s) 'consume_1_or_2_with_dataset_expressions', 'consume_1_or_both_2_and_3_with_dataset_expressions', 'dataset_consumes_1_never_scheduled', 'dataset_consumes_1_and_2', 'consume_1_and_2_with_dataset_expressions', 'dataset_consumes_1', 'dataset_consumes_unknown_never_scheduled', 'dataset_produces_2', 'conditional_dataset_and_time_based_timetable', 'dataset_produces_1' retrieved from /home/airflow/.local/lib/python3.12/site-packages/airflow/example_dags/example_datasets.py
[2025-05-02T19:37:41.401+0000] {logging_mixin.py:188} INFO - [2025-05-02T19:37:41.400+0000] {dag.py:3096} INFO - Sync 10 DAGs
[2025-05-02T19:37:41.423+0000] {logging_mixin.py:188} INFO - [2025-05-02T19:37:41.423+0000] {dag.py:3954} INFO - Setting next_dagrun for conditional_dataset_and_time_based_timetable to 2025-04-30 01:00:00+00:00, run_after=2025-04-30 01:00:00+00:00
[2025-05-02T19:37:41.428+0000] {logging_mixin.py:188} INFO - [2025-05-02T19:37:41.427+0000] {dag.py:3954} INFO - Setting next_dagrun for consume_1_and_2_with_dataset_expressions to None, run_after=None
[2025-05-02T19:37:41.428+0000] {logging_mixin.py:188} INFO - [2025-05-02T19:37:41.428+0000] {dag.py:3954} INFO - Setting next_dagrun for consume_1_or_2_with_dataset_expressions to None, run_after=None
[2025-05-02T19:37:41.429+0000] {logging_mixin.py:188} INFO - [2025-05-02T19:37:41.429+0000] {dag.py:3954} INFO - Setting next_dagrun for consume_1_or_both_2_and_3_with_dataset_expressions to None, run_after=None
[2025-05-02T19:37:41.432+0000] {logging_mixin.py:188} INFO - [2025-05-02T19:37:41.432+0000] {dag.py:3954} INFO - Setting next_dagrun for dataset_consumes_1 to None, run_after=None
[2025-05-02T19:37:41.433+0000] {logging_mixin.py:188} INFO - [2025-05-02T19:37:41.433+0000] {dag.py:3954} INFO - Setting next_dagrun for dataset_consumes_1_and_2 to None, run_after=None
[2025-05-02T19:37:41.434+0000] {logging_mixin.py:188} INFO - [2025-05-02T19:37:41.434+0000] {dag.py:3954} INFO - Setting next_dagrun for dataset_consumes_1_never_scheduled to None, run_after=None
[2025-05-02T19:37:41.434+0000] {logging_mixin.py:188} INFO - [2025-05-02T19:37:41.434+0000] {dag.py:3954} INFO - Setting next_dagrun for dataset_consumes_unknown_never_scheduled to None, run_after=None
[2025-05-02T19:37:41.436+0000] {logging_mixin.py:188} INFO - [2025-05-02T19:37:41.436+0000] {dag.py:3954} INFO - Setting next_dagrun for dataset_produces_1 to 2025-05-01 00:00:00+00:00, run_after=2025-05-02 00:00:00+00:00
[2025-05-02T19:37:41.437+0000] {logging_mixin.py:188} INFO - [2025-05-02T19:37:41.436+0000] {dag.py:3954} INFO - Setting next_dagrun for dataset_produces_2 to None, run_after=None
[2025-05-02T19:37:41.628+0000] {processor.py:183} INFO - Processing /home/airflow/.local/lib/python3.12/site-packages/airflow/example_dags/example_datasets.py took 0.404 seconds
[2025-05-02T19:38:11.724+0000] {processor.py:161} INFO - Started process (PID=640) to work on /home/airflow/.local/lib/python3.12/site-packages/airflow/example_dags/example_datasets.py
[2025-05-02T19:38:11.725+0000] {processor.py:830} INFO - Processing file /home/airflow/.local/lib/python3.12/site-packages/airflow/example_dags/example_datasets.py for tasks to queue
[2025-05-02T19:38:11.727+0000] {logging_mixin.py:188} INFO - [2025-05-02T19:38:11.727+0000] {dagbag.py:540} INFO - Filling up the DagBag from /home/airflow/.local/lib/python3.12/site-packages/airflow/example_dags/example_datasets.py
[2025-05-02T19:38:11.864+0000] {processor.py:840} INFO - DAG(s) 'conditional_dataset_and_time_based_timetable', 'dataset_consumes_unknown_never_scheduled', 'dataset_produces_2', 'consume_1_and_2_with_dataset_expressions', 'dataset_consumes_1_never_scheduled', 'dataset_produces_1', 'dataset_consumes_1_and_2', 'consume_1_or_2_with_dataset_expressions', 'dataset_consumes_1', 'consume_1_or_both_2_and_3_with_dataset_expressions' retrieved from /home/airflow/.local/lib/python3.12/site-packages/airflow/example_dags/example_datasets.py
[2025-05-02T19:38:11.913+0000] {logging_mixin.py:188} INFO - [2025-05-02T19:38:11.912+0000] {dag.py:3096} INFO - Sync 10 DAGs
[2025-05-02T19:38:11.936+0000] {logging_mixin.py:188} INFO - [2025-05-02T19:38:11.936+0000] {dag.py:3954} INFO - Setting next_dagrun for conditional_dataset_and_time_based_timetable to 2025-04-30 01:00:00+00:00, run_after=2025-04-30 01:00:00+00:00
[2025-05-02T19:38:11.940+0000] {logging_mixin.py:188} INFO - [2025-05-02T19:38:11.940+0000] {dag.py:3954} INFO - Setting next_dagrun for consume_1_and_2_with_dataset_expressions to None, run_after=None
[2025-05-02T19:38:11.941+0000] {logging_mixin.py:188} INFO - [2025-05-02T19:38:11.941+0000] {dag.py:3954} INFO - Setting next_dagrun for consume_1_or_2_with_dataset_expressions to None, run_after=None
[2025-05-02T19:38:11.942+0000] {logging_mixin.py:188} INFO - [2025-05-02T19:38:11.942+0000] {dag.py:3954} INFO - Setting next_dagrun for consume_1_or_both_2_and_3_with_dataset_expressions to None, run_after=None
[2025-05-02T19:38:11.943+0000] {logging_mixin.py:188} INFO - [2025-05-02T19:38:11.943+0000] {dag.py:3954} INFO - Setting next_dagrun for dataset_consumes_1 to None, run_after=None
[2025-05-02T19:38:11.944+0000] {logging_mixin.py:188} INFO - [2025-05-02T19:38:11.944+0000] {dag.py:3954} INFO - Setting next_dagrun for dataset_consumes_1_and_2 to None, run_after=None
[2025-05-02T19:38:11.945+0000] {logging_mixin.py:188} INFO - [2025-05-02T19:38:11.945+0000] {dag.py:3954} INFO - Setting next_dagrun for dataset_consumes_1_never_scheduled to None, run_after=None
[2025-05-02T19:38:11.946+0000] {logging_mixin.py:188} INFO - [2025-05-02T19:38:11.946+0000] {dag.py:3954} INFO - Setting next_dagrun for dataset_consumes_unknown_never_scheduled to None, run_after=None
[2025-05-02T19:38:11.948+0000] {logging_mixin.py:188} INFO - [2025-05-02T19:38:11.948+0000] {dag.py:3954} INFO - Setting next_dagrun for dataset_produces_1 to 2025-05-01 00:00:00+00:00, run_after=2025-05-02 00:00:00+00:00
[2025-05-02T19:38:11.950+0000] {logging_mixin.py:188} INFO - [2025-05-02T19:38:11.949+0000] {dag.py:3954} INFO - Setting next_dagrun for dataset_produces_2 to None, run_after=None
[2025-05-02T19:38:12.094+0000] {processor.py:183} INFO - Processing /home/airflow/.local/lib/python3.12/site-packages/airflow/example_dags/example_datasets.py took 0.375 seconds
[2025-05-02T19:38:44.100+0000] {processor.py:161} INFO - Started process (PID=695) to work on /home/airflow/.local/lib/python3.12/site-packages/airflow/example_dags/example_datasets.py
[2025-05-02T19:38:44.101+0000] {processor.py:830} INFO - Processing file /home/airflow/.local/lib/python3.12/site-packages/airflow/example_dags/example_datasets.py for tasks to queue
[2025-05-02T19:38:44.103+0000] {logging_mixin.py:188} INFO - [2025-05-02T19:38:44.102+0000] {dagbag.py:540} INFO - Filling up the DagBag from /home/airflow/.local/lib/python3.12/site-packages/airflow/example_dags/example_datasets.py
[2025-05-02T19:38:44.232+0000] {processor.py:840} INFO - DAG(s) 'dataset_produces_1', 'consume_1_or_both_2_and_3_with_dataset_expressions', 'dataset_consumes_1_never_scheduled', 'dataset_produces_2', 'dataset_consumes_1', 'consume_1_or_2_with_dataset_expressions', 'dataset_consumes_1_and_2', 'consume_1_and_2_with_dataset_expressions', 'dataset_consumes_unknown_never_scheduled', 'conditional_dataset_and_time_based_timetable' retrieved from /home/airflow/.local/lib/python3.12/site-packages/airflow/example_dags/example_datasets.py
[2025-05-02T19:38:44.275+0000] {logging_mixin.py:188} INFO - [2025-05-02T19:38:44.275+0000] {dag.py:3096} INFO - Sync 10 DAGs
[2025-05-02T19:38:44.294+0000] {logging_mixin.py:188} INFO - [2025-05-02T19:38:44.293+0000] {dag.py:3954} INFO - Setting next_dagrun for conditional_dataset_and_time_based_timetable to 2025-04-30 01:00:00+00:00, run_after=2025-04-30 01:00:00+00:00
[2025-05-02T19:38:44.296+0000] {logging_mixin.py:188} INFO - [2025-05-02T19:38:44.296+0000] {dag.py:3954} INFO - Setting next_dagrun for consume_1_and_2_with_dataset_expressions to None, run_after=None
[2025-05-02T19:38:44.297+0000] {logging_mixin.py:188} INFO - [2025-05-02T19:38:44.297+0000] {dag.py:3954} INFO - Setting next_dagrun for consume_1_or_2_with_dataset_expressions to None, run_after=None
[2025-05-02T19:38:44.298+0000] {logging_mixin.py:188} INFO - [2025-05-02T19:38:44.298+0000] {dag.py:3954} INFO - Setting next_dagrun for consume_1_or_both_2_and_3_with_dataset_expressions to None, run_after=None
[2025-05-02T19:38:44.299+0000] {logging_mixin.py:188} INFO - [2025-05-02T19:38:44.299+0000] {dag.py:3954} INFO - Setting next_dagrun for dataset_consumes_1 to None, run_after=None
[2025-05-02T19:38:44.300+0000] {logging_mixin.py:188} INFO - [2025-05-02T19:38:44.299+0000] {dag.py:3954} INFO - Setting next_dagrun for dataset_consumes_1_and_2 to None, run_after=None
[2025-05-02T19:38:44.301+0000] {logging_mixin.py:188} INFO - [2025-05-02T19:38:44.301+0000] {dag.py:3954} INFO - Setting next_dagrun for dataset_consumes_1_never_scheduled to None, run_after=None
[2025-05-02T19:38:44.302+0000] {logging_mixin.py:188} INFO - [2025-05-02T19:38:44.302+0000] {dag.py:3954} INFO - Setting next_dagrun for dataset_consumes_unknown_never_scheduled to None, run_after=None
[2025-05-02T19:38:44.303+0000] {logging_mixin.py:188} INFO - [2025-05-02T19:38:44.303+0000] {dag.py:3954} INFO - Setting next_dagrun for dataset_produces_1 to 2025-05-01 00:00:00+00:00, run_after=2025-05-02 00:00:00+00:00
[2025-05-02T19:38:44.305+0000] {logging_mixin.py:188} INFO - [2025-05-02T19:38:44.305+0000] {dag.py:3954} INFO - Setting next_dagrun for dataset_produces_2 to None, run_after=None
[2025-05-02T19:38:44.333+0000] {processor.py:183} INFO - Processing /home/airflow/.local/lib/python3.12/site-packages/airflow/example_dags/example_datasets.py took 0.241 seconds
[2025-05-02T19:39:14.690+0000] {processor.py:161} INFO - Started process (PID=753) to work on /home/airflow/.local/lib/python3.12/site-packages/airflow/example_dags/example_datasets.py
[2025-05-02T19:39:14.690+0000] {processor.py:830} INFO - Processing file /home/airflow/.local/lib/python3.12/site-packages/airflow/example_dags/example_datasets.py for tasks to queue
[2025-05-02T19:39:14.692+0000] {logging_mixin.py:188} INFO - [2025-05-02T19:39:14.692+0000] {dagbag.py:540} INFO - Filling up the DagBag from /home/airflow/.local/lib/python3.12/site-packages/airflow/example_dags/example_datasets.py
[2025-05-02T19:39:14.820+0000] {processor.py:840} INFO - DAG(s) 'conditional_dataset_and_time_based_timetable', 'consume_1_or_2_with_dataset_expressions', 'dataset_produces_2', 'dataset_consumes_1_never_scheduled', 'consume_1_and_2_with_dataset_expressions', 'dataset_consumes_1', 'dataset_produces_1', 'dataset_consumes_1_and_2', 'dataset_consumes_unknown_never_scheduled', 'consume_1_or_both_2_and_3_with_dataset_expressions' retrieved from /home/airflow/.local/lib/python3.12/site-packages/airflow/example_dags/example_datasets.py
[2025-05-02T19:39:14.859+0000] {logging_mixin.py:188} INFO - [2025-05-02T19:39:14.858+0000] {dag.py:3096} INFO - Sync 10 DAGs
[2025-05-02T19:39:14.882+0000] {logging_mixin.py:188} INFO - [2025-05-02T19:39:14.882+0000] {dag.py:3954} INFO - Setting next_dagrun for conditional_dataset_and_time_based_timetable to 2025-04-30 01:00:00+00:00, run_after=2025-04-30 01:00:00+00:00
[2025-05-02T19:39:14.885+0000] {logging_mixin.py:188} INFO - [2025-05-02T19:39:14.885+0000] {dag.py:3954} INFO - Setting next_dagrun for consume_1_and_2_with_dataset_expressions to None, run_after=None
[2025-05-02T19:39:14.886+0000] {logging_mixin.py:188} INFO - [2025-05-02T19:39:14.886+0000] {dag.py:3954} INFO - Setting next_dagrun for consume_1_or_2_with_dataset_expressions to None, run_after=None
[2025-05-02T19:39:14.887+0000] {logging_mixin.py:188} INFO - [2025-05-02T19:39:14.887+0000] {dag.py:3954} INFO - Setting next_dagrun for consume_1_or_both_2_and_3_with_dataset_expressions to None, run_after=None
[2025-05-02T19:39:14.888+0000] {logging_mixin.py:188} INFO - [2025-05-02T19:39:14.888+0000] {dag.py:3954} INFO - Setting next_dagrun for dataset_consumes_1 to None, run_after=None
[2025-05-02T19:39:14.891+0000] {logging_mixin.py:188} INFO - [2025-05-02T19:39:14.890+0000] {dag.py:3954} INFO - Setting next_dagrun for dataset_consumes_1_and_2 to None, run_after=None
[2025-05-02T19:39:14.892+0000] {logging_mixin.py:188} INFO - [2025-05-02T19:39:14.892+0000] {dag.py:3954} INFO - Setting next_dagrun for dataset_consumes_1_never_scheduled to None, run_after=None
[2025-05-02T19:39:14.894+0000] {logging_mixin.py:188} INFO - [2025-05-02T19:39:14.894+0000] {dag.py:3954} INFO - Setting next_dagrun for dataset_consumes_unknown_never_scheduled to None, run_after=None
[2025-05-02T19:39:14.897+0000] {logging_mixin.py:188} INFO - [2025-05-02T19:39:14.896+0000] {dag.py:3954} INFO - Setting next_dagrun for dataset_produces_1 to 2025-05-01 00:00:00+00:00, run_after=2025-05-02 00:00:00+00:00
[2025-05-02T19:39:14.898+0000] {logging_mixin.py:188} INFO - [2025-05-02T19:39:14.898+0000] {dag.py:3954} INFO - Setting next_dagrun for dataset_produces_2 to None, run_after=None
[2025-05-02T19:39:14.944+0000] {processor.py:183} INFO - Processing /home/airflow/.local/lib/python3.12/site-packages/airflow/example_dags/example_datasets.py took 0.260 seconds
[2025-05-02T19:39:44.997+0000] {processor.py:161} INFO - Started process (PID=813) to work on /home/airflow/.local/lib/python3.12/site-packages/airflow/example_dags/example_datasets.py
[2025-05-02T19:39:44.997+0000] {processor.py:830} INFO - Processing file /home/airflow/.local/lib/python3.12/site-packages/airflow/example_dags/example_datasets.py for tasks to queue
[2025-05-02T19:39:44.999+0000] {logging_mixin.py:188} INFO - [2025-05-02T19:39:44.998+0000] {dagbag.py:540} INFO - Filling up the DagBag from /home/airflow/.local/lib/python3.12/site-packages/airflow/example_dags/example_datasets.py
[2025-05-02T19:39:45.101+0000] {processor.py:840} INFO - DAG(s) 'dataset_produces_1', 'dataset_produces_2', 'conditional_dataset_and_time_based_timetable', 'dataset_consumes_unknown_never_scheduled', 'dataset_consumes_1_never_scheduled', 'dataset_consumes_1_and_2', 'consume_1_or_both_2_and_3_with_dataset_expressions', 'consume_1_or_2_with_dataset_expressions', 'dataset_consumes_1', 'consume_1_and_2_with_dataset_expressions' retrieved from /home/airflow/.local/lib/python3.12/site-packages/airflow/example_dags/example_datasets.py
[2025-05-02T19:39:45.135+0000] {logging_mixin.py:188} INFO - [2025-05-02T19:39:45.135+0000] {dag.py:3096} INFO - Sync 10 DAGs
[2025-05-02T19:39:45.278+0000] {logging_mixin.py:188} INFO - [2025-05-02T19:39:45.278+0000] {dag.py:3954} INFO - Setting next_dagrun for conditional_dataset_and_time_based_timetable to 2025-04-30 01:00:00+00:00, run_after=2025-04-30 01:00:00+00:00
[2025-05-02T19:39:45.283+0000] {logging_mixin.py:188} INFO - [2025-05-02T19:39:45.282+0000] {dag.py:3954} INFO - Setting next_dagrun for consume_1_and_2_with_dataset_expressions to None, run_after=None
[2025-05-02T19:39:45.284+0000] {logging_mixin.py:188} INFO - [2025-05-02T19:39:45.284+0000] {dag.py:3954} INFO - Setting next_dagrun for consume_1_or_2_with_dataset_expressions to None, run_after=None
[2025-05-02T19:39:45.286+0000] {logging_mixin.py:188} INFO - [2025-05-02T19:39:45.286+0000] {dag.py:3954} INFO - Setting next_dagrun for consume_1_or_both_2_and_3_with_dataset_expressions to None, run_after=None
[2025-05-02T19:39:45.287+0000] {logging_mixin.py:188} INFO - [2025-05-02T19:39:45.287+0000] {dag.py:3954} INFO - Setting next_dagrun for dataset_consumes_1 to None, run_after=None
[2025-05-02T19:39:45.288+0000] {logging_mixin.py:188} INFO - [2025-05-02T19:39:45.288+0000] {dag.py:3954} INFO - Setting next_dagrun for dataset_consumes_1_and_2 to None, run_after=None
[2025-05-02T19:39:45.289+0000] {logging_mixin.py:188} INFO - [2025-05-02T19:39:45.289+0000] {dag.py:3954} INFO - Setting next_dagrun for dataset_consumes_1_never_scheduled to None, run_after=None
[2025-05-02T19:39:45.290+0000] {logging_mixin.py:188} INFO - [2025-05-02T19:39:45.290+0000] {dag.py:3954} INFO - Setting next_dagrun for dataset_consumes_unknown_never_scheduled to None, run_after=None
[2025-05-02T19:39:45.292+0000] {logging_mixin.py:188} INFO - [2025-05-02T19:39:45.292+0000] {dag.py:3954} INFO - Setting next_dagrun for dataset_produces_1 to 2025-05-01 00:00:00+00:00, run_after=2025-05-02 00:00:00+00:00
[2025-05-02T19:39:45.294+0000] {logging_mixin.py:188} INFO - [2025-05-02T19:39:45.293+0000] {dag.py:3954} INFO - Setting next_dagrun for dataset_produces_2 to None, run_after=None
[2025-05-02T19:39:45.327+0000] {processor.py:183} INFO - Processing /home/airflow/.local/lib/python3.12/site-packages/airflow/example_dags/example_datasets.py took 0.335 seconds
[2025-05-02T19:40:15.633+0000] {processor.py:161} INFO - Started process (PID=871) to work on /home/airflow/.local/lib/python3.12/site-packages/airflow/example_dags/example_datasets.py
[2025-05-02T19:40:15.634+0000] {processor.py:830} INFO - Processing file /home/airflow/.local/lib/python3.12/site-packages/airflow/example_dags/example_datasets.py for tasks to queue
[2025-05-02T19:40:15.636+0000] {logging_mixin.py:188} INFO - [2025-05-02T19:40:15.635+0000] {dagbag.py:540} INFO - Filling up the DagBag from /home/airflow/.local/lib/python3.12/site-packages/airflow/example_dags/example_datasets.py
[2025-05-02T19:40:15.754+0000] {processor.py:840} INFO - DAG(s) 'consume_1_or_both_2_and_3_with_dataset_expressions', 'dataset_consumes_1_and_2', 'dataset_produces_1', 'dataset_consumes_1', 'consume_1_and_2_with_dataset_expressions', 'dataset_consumes_unknown_never_scheduled', 'dataset_produces_2', 'dataset_consumes_1_never_scheduled', 'conditional_dataset_and_time_based_timetable', 'consume_1_or_2_with_dataset_expressions' retrieved from /home/airflow/.local/lib/python3.12/site-packages/airflow/example_dags/example_datasets.py
[2025-05-02T19:40:15.798+0000] {logging_mixin.py:188} INFO - [2025-05-02T19:40:15.798+0000] {dag.py:3096} INFO - Sync 10 DAGs
[2025-05-02T19:40:15.825+0000] {logging_mixin.py:188} INFO - [2025-05-02T19:40:15.825+0000] {dag.py:3954} INFO - Setting next_dagrun for conditional_dataset_and_time_based_timetable to 2025-04-30 01:00:00+00:00, run_after=2025-04-30 01:00:00+00:00
[2025-05-02T19:40:15.829+0000] {logging_mixin.py:188} INFO - [2025-05-02T19:40:15.829+0000] {dag.py:3954} INFO - Setting next_dagrun for consume_1_and_2_with_dataset_expressions to None, run_after=None
[2025-05-02T19:40:15.831+0000] {logging_mixin.py:188} INFO - [2025-05-02T19:40:15.831+0000] {dag.py:3954} INFO - Setting next_dagrun for consume_1_or_2_with_dataset_expressions to None, run_after=None
[2025-05-02T19:40:15.833+0000] {logging_mixin.py:188} INFO - [2025-05-02T19:40:15.833+0000] {dag.py:3954} INFO - Setting next_dagrun for consume_1_or_both_2_and_3_with_dataset_expressions to None, run_after=None
[2025-05-02T19:40:15.837+0000] {logging_mixin.py:188} INFO - [2025-05-02T19:40:15.837+0000] {dag.py:3954} INFO - Setting next_dagrun for dataset_consumes_1 to None, run_after=None
[2025-05-02T19:40:15.838+0000] {logging_mixin.py:188} INFO - [2025-05-02T19:40:15.838+0000] {dag.py:3954} INFO - Setting next_dagrun for dataset_consumes_1_and_2 to None, run_after=None
[2025-05-02T19:40:15.840+0000] {logging_mixin.py:188} INFO - [2025-05-02T19:40:15.840+0000] {dag.py:3954} INFO - Setting next_dagrun for dataset_consumes_1_never_scheduled to None, run_after=None
[2025-05-02T19:40:15.841+0000] {logging_mixin.py:188} INFO - [2025-05-02T19:40:15.841+0000] {dag.py:3954} INFO - Setting next_dagrun for dataset_consumes_unknown_never_scheduled to None, run_after=None
[2025-05-02T19:40:15.844+0000] {logging_mixin.py:188} INFO - [2025-05-02T19:40:15.844+0000] {dag.py:3954} INFO - Setting next_dagrun for dataset_produces_1 to 2025-05-01 00:00:00+00:00, run_after=2025-05-02 00:00:00+00:00
[2025-05-02T19:40:15.846+0000] {logging_mixin.py:188} INFO - [2025-05-02T19:40:15.846+0000] {dag.py:3954} INFO - Setting next_dagrun for dataset_produces_2 to None, run_after=None
[2025-05-02T19:40:15.994+0000] {processor.py:183} INFO - Processing /home/airflow/.local/lib/python3.12/site-packages/airflow/example_dags/example_datasets.py took 0.366 seconds
[2025-05-02T19:40:46.327+0000] {processor.py:161} INFO - Started process (PID=929) to work on /home/airflow/.local/lib/python3.12/site-packages/airflow/example_dags/example_datasets.py
[2025-05-02T19:40:46.328+0000] {processor.py:830} INFO - Processing file /home/airflow/.local/lib/python3.12/site-packages/airflow/example_dags/example_datasets.py for tasks to queue
[2025-05-02T19:40:46.330+0000] {logging_mixin.py:188} INFO - [2025-05-02T19:40:46.329+0000] {dagbag.py:540} INFO - Filling up the DagBag from /home/airflow/.local/lib/python3.12/site-packages/airflow/example_dags/example_datasets.py
[2025-05-02T19:40:46.574+0000] {processor.py:840} INFO - DAG(s) 'consume_1_and_2_with_dataset_expressions', 'dataset_consumes_unknown_never_scheduled', 'dataset_consumes_1_never_scheduled', 'dataset_consumes_1', 'consume_1_or_2_with_dataset_expressions', 'dataset_produces_1', 'dataset_consumes_1_and_2', 'dataset_produces_2', 'consume_1_or_both_2_and_3_with_dataset_expressions', 'conditional_dataset_and_time_based_timetable' retrieved from /home/airflow/.local/lib/python3.12/site-packages/airflow/example_dags/example_datasets.py
[2025-05-02T19:40:46.621+0000] {logging_mixin.py:188} INFO - [2025-05-02T19:40:46.621+0000] {dag.py:3096} INFO - Sync 10 DAGs
[2025-05-02T19:40:46.641+0000] {logging_mixin.py:188} INFO - [2025-05-02T19:40:46.641+0000] {dag.py:3954} INFO - Setting next_dagrun for conditional_dataset_and_time_based_timetable to 2025-04-30 01:00:00+00:00, run_after=2025-04-30 01:00:00+00:00
[2025-05-02T19:40:46.644+0000] {logging_mixin.py:188} INFO - [2025-05-02T19:40:46.643+0000] {dag.py:3954} INFO - Setting next_dagrun for consume_1_and_2_with_dataset_expressions to None, run_after=None
[2025-05-02T19:40:46.644+0000] {logging_mixin.py:188} INFO - [2025-05-02T19:40:46.644+0000] {dag.py:3954} INFO - Setting next_dagrun for consume_1_or_2_with_dataset_expressions to None, run_after=None
[2025-05-02T19:40:46.645+0000] {logging_mixin.py:188} INFO - [2025-05-02T19:40:46.645+0000] {dag.py:3954} INFO - Setting next_dagrun for consume_1_or_both_2_and_3_with_dataset_expressions to None, run_after=None
[2025-05-02T19:40:46.646+0000] {logging_mixin.py:188} INFO - [2025-05-02T19:40:46.646+0000] {dag.py:3954} INFO - Setting next_dagrun for dataset_consumes_1 to None, run_after=None
[2025-05-02T19:40:46.646+0000] {logging_mixin.py:188} INFO - [2025-05-02T19:40:46.646+0000] {dag.py:3954} INFO - Setting next_dagrun for dataset_consumes_1_and_2 to None, run_after=None
[2025-05-02T19:40:46.647+0000] {logging_mixin.py:188} INFO - [2025-05-02T19:40:46.647+0000] {dag.py:3954} INFO - Setting next_dagrun for dataset_consumes_1_never_scheduled to None, run_after=None
[2025-05-02T19:40:46.649+0000] {logging_mixin.py:188} INFO - [2025-05-02T19:40:46.649+0000] {dag.py:3954} INFO - Setting next_dagrun for dataset_consumes_unknown_never_scheduled to None, run_after=None
[2025-05-02T19:40:46.651+0000] {logging_mixin.py:188} INFO - [2025-05-02T19:40:46.650+0000] {dag.py:3954} INFO - Setting next_dagrun for dataset_produces_1 to 2025-05-01 00:00:00+00:00, run_after=2025-05-02 00:00:00+00:00
[2025-05-02T19:40:46.651+0000] {logging_mixin.py:188} INFO - [2025-05-02T19:40:46.651+0000] {dag.py:3954} INFO - Setting next_dagrun for dataset_produces_2 to None, run_after=None
[2025-05-02T19:40:46.676+0000] {processor.py:183} INFO - Processing /home/airflow/.local/lib/python3.12/site-packages/airflow/example_dags/example_datasets.py took 0.355 seconds
[2025-05-02T19:41:16.714+0000] {processor.py:161} INFO - Started process (PID=980) to work on /home/airflow/.local/lib/python3.12/site-packages/airflow/example_dags/example_datasets.py
[2025-05-02T19:41:16.715+0000] {processor.py:830} INFO - Processing file /home/airflow/.local/lib/python3.12/site-packages/airflow/example_dags/example_datasets.py for tasks to queue
[2025-05-02T19:41:16.717+0000] {logging_mixin.py:188} INFO - [2025-05-02T19:41:16.716+0000] {dagbag.py:540} INFO - Filling up the DagBag from /home/airflow/.local/lib/python3.12/site-packages/airflow/example_dags/example_datasets.py
[2025-05-02T19:41:16.836+0000] {processor.py:840} INFO - DAG(s) 'consume_1_or_2_with_dataset_expressions', 'dataset_produces_2', 'dataset_consumes_1', 'conditional_dataset_and_time_based_timetable', 'dataset_produces_1', 'consume_1_and_2_with_dataset_expressions', 'dataset_consumes_unknown_never_scheduled', 'dataset_consumes_1_and_2', 'dataset_consumes_1_never_scheduled', 'consume_1_or_both_2_and_3_with_dataset_expressions' retrieved from /home/airflow/.local/lib/python3.12/site-packages/airflow/example_dags/example_datasets.py
[2025-05-02T19:41:17.036+0000] {logging_mixin.py:188} INFO - [2025-05-02T19:41:17.036+0000] {dag.py:3096} INFO - Sync 10 DAGs
[2025-05-02T19:41:17.052+0000] {logging_mixin.py:188} INFO - [2025-05-02T19:41:17.052+0000] {dag.py:3954} INFO - Setting next_dagrun for conditional_dataset_and_time_based_timetable to 2025-04-30 01:00:00+00:00, run_after=2025-04-30 01:00:00+00:00
[2025-05-02T19:41:17.055+0000] {logging_mixin.py:188} INFO - [2025-05-02T19:41:17.055+0000] {dag.py:3954} INFO - Setting next_dagrun for consume_1_and_2_with_dataset_expressions to None, run_after=None
[2025-05-02T19:41:17.056+0000] {logging_mixin.py:188} INFO - [2025-05-02T19:41:17.056+0000] {dag.py:3954} INFO - Setting next_dagrun for consume_1_or_2_with_dataset_expressions to None, run_after=None
[2025-05-02T19:41:17.057+0000] {logging_mixin.py:188} INFO - [2025-05-02T19:41:17.056+0000] {dag.py:3954} INFO - Setting next_dagrun for consume_1_or_both_2_and_3_with_dataset_expressions to None, run_after=None
[2025-05-02T19:41:17.057+0000] {logging_mixin.py:188} INFO - [2025-05-02T19:41:17.057+0000] {dag.py:3954} INFO - Setting next_dagrun for dataset_consumes_1 to None, run_after=None
[2025-05-02T19:41:17.058+0000] {logging_mixin.py:188} INFO - [2025-05-02T19:41:17.058+0000] {dag.py:3954} INFO - Setting next_dagrun for dataset_consumes_1_and_2 to None, run_after=None
[2025-05-02T19:41:17.059+0000] {logging_mixin.py:188} INFO - [2025-05-02T19:41:17.059+0000] {dag.py:3954} INFO - Setting next_dagrun for dataset_consumes_1_never_scheduled to None, run_after=None
[2025-05-02T19:41:17.059+0000] {logging_mixin.py:188} INFO - [2025-05-02T19:41:17.059+0000] {dag.py:3954} INFO - Setting next_dagrun for dataset_consumes_unknown_never_scheduled to None, run_after=None
[2025-05-02T19:41:17.061+0000] {logging_mixin.py:188} INFO - [2025-05-02T19:41:17.061+0000] {dag.py:3954} INFO - Setting next_dagrun for dataset_produces_1 to 2025-05-01 00:00:00+00:00, run_after=2025-05-02 00:00:00+00:00
[2025-05-02T19:41:17.062+0000] {logging_mixin.py:188} INFO - [2025-05-02T19:41:17.062+0000] {dag.py:3954} INFO - Setting next_dagrun for dataset_produces_2 to None, run_after=None
[2025-05-02T19:41:17.086+0000] {processor.py:183} INFO - Processing /home/airflow/.local/lib/python3.12/site-packages/airflow/example_dags/example_datasets.py took 0.378 seconds
[2025-05-02T19:41:47.492+0000] {processor.py:161} INFO - Started process (PID=1039) to work on /home/airflow/.local/lib/python3.12/site-packages/airflow/example_dags/example_datasets.py
[2025-05-02T19:41:47.493+0000] {processor.py:830} INFO - Processing file /home/airflow/.local/lib/python3.12/site-packages/airflow/example_dags/example_datasets.py for tasks to queue
[2025-05-02T19:41:47.494+0000] {logging_mixin.py:188} INFO - [2025-05-02T19:41:47.494+0000] {dagbag.py:540} INFO - Filling up the DagBag from /home/airflow/.local/lib/python3.12/site-packages/airflow/example_dags/example_datasets.py
[2025-05-02T19:41:47.604+0000] {processor.py:840} INFO - DAG(s) 'dataset_consumes_1', 'consume_1_or_2_with_dataset_expressions', 'dataset_consumes_unknown_never_scheduled', 'conditional_dataset_and_time_based_timetable', 'dataset_produces_2', 'dataset_consumes_1_and_2', 'dataset_produces_1', 'consume_1_or_both_2_and_3_with_dataset_expressions', 'dataset_consumes_1_never_scheduled', 'consume_1_and_2_with_dataset_expressions' retrieved from /home/airflow/.local/lib/python3.12/site-packages/airflow/example_dags/example_datasets.py
[2025-05-02T19:41:47.640+0000] {logging_mixin.py:188} INFO - [2025-05-02T19:41:47.640+0000] {dag.py:3096} INFO - Sync 10 DAGs
[2025-05-02T19:41:47.780+0000] {logging_mixin.py:188} INFO - [2025-05-02T19:41:47.780+0000] {dag.py:3954} INFO - Setting next_dagrun for conditional_dataset_and_time_based_timetable to 2025-04-30 01:00:00+00:00, run_after=2025-04-30 01:00:00+00:00
[2025-05-02T19:41:47.783+0000] {logging_mixin.py:188} INFO - [2025-05-02T19:41:47.783+0000] {dag.py:3954} INFO - Setting next_dagrun for consume_1_and_2_with_dataset_expressions to None, run_after=None
[2025-05-02T19:41:47.784+0000] {logging_mixin.py:188} INFO - [2025-05-02T19:41:47.784+0000] {dag.py:3954} INFO - Setting next_dagrun for consume_1_or_2_with_dataset_expressions to None, run_after=None
[2025-05-02T19:41:47.785+0000] {logging_mixin.py:188} INFO - [2025-05-02T19:41:47.784+0000] {dag.py:3954} INFO - Setting next_dagrun for consume_1_or_both_2_and_3_with_dataset_expressions to None, run_after=None
[2025-05-02T19:41:47.786+0000] {logging_mixin.py:188} INFO - [2025-05-02T19:41:47.786+0000] {dag.py:3954} INFO - Setting next_dagrun for dataset_consumes_1 to None, run_after=None
[2025-05-02T19:41:47.787+0000] {logging_mixin.py:188} INFO - [2025-05-02T19:41:47.787+0000] {dag.py:3954} INFO - Setting next_dagrun for dataset_consumes_1_and_2 to None, run_after=None
[2025-05-02T19:41:47.788+0000] {logging_mixin.py:188} INFO - [2025-05-02T19:41:47.788+0000] {dag.py:3954} INFO - Setting next_dagrun for dataset_consumes_1_never_scheduled to None, run_after=None
[2025-05-02T19:41:47.789+0000] {logging_mixin.py:188} INFO - [2025-05-02T19:41:47.789+0000] {dag.py:3954} INFO - Setting next_dagrun for dataset_consumes_unknown_never_scheduled to None, run_after=None
[2025-05-02T19:41:47.791+0000] {logging_mixin.py:188} INFO - [2025-05-02T19:41:47.791+0000] {dag.py:3954} INFO - Setting next_dagrun for dataset_produces_1 to 2025-05-01 00:00:00+00:00, run_after=2025-05-02 00:00:00+00:00
[2025-05-02T19:41:47.793+0000] {logging_mixin.py:188} INFO - [2025-05-02T19:41:47.793+0000] {dag.py:3954} INFO - Setting next_dagrun for dataset_produces_2 to None, run_after=None
[2025-05-02T19:41:47.824+0000] {processor.py:183} INFO - Processing /home/airflow/.local/lib/python3.12/site-packages/airflow/example_dags/example_datasets.py took 0.337 seconds
[2025-05-02T19:42:17.967+0000] {processor.py:161} INFO - Started process (PID=1097) to work on /home/airflow/.local/lib/python3.12/site-packages/airflow/example_dags/example_datasets.py
[2025-05-02T19:42:17.968+0000] {processor.py:830} INFO - Processing file /home/airflow/.local/lib/python3.12/site-packages/airflow/example_dags/example_datasets.py for tasks to queue
[2025-05-02T19:42:17.969+0000] {logging_mixin.py:188} INFO - [2025-05-02T19:42:17.969+0000] {dagbag.py:540} INFO - Filling up the DagBag from /home/airflow/.local/lib/python3.12/site-packages/airflow/example_dags/example_datasets.py
[2025-05-02T19:42:18.068+0000] {processor.py:840} INFO - DAG(s) 'consume_1_or_2_with_dataset_expressions', 'dataset_consumes_1_and_2', 'consume_1_or_both_2_and_3_with_dataset_expressions', 'consume_1_and_2_with_dataset_expressions', 'dataset_produces_1', 'conditional_dataset_and_time_based_timetable', 'dataset_consumes_1_never_scheduled', 'dataset_consumes_1', 'dataset_produces_2', 'dataset_consumes_unknown_never_scheduled' retrieved from /home/airflow/.local/lib/python3.12/site-packages/airflow/example_dags/example_datasets.py
[2025-05-02T19:42:18.105+0000] {logging_mixin.py:188} INFO - [2025-05-02T19:42:18.104+0000] {dag.py:3096} INFO - Sync 10 DAGs
[2025-05-02T19:42:18.219+0000] {logging_mixin.py:188} INFO - [2025-05-02T19:42:18.219+0000] {dag.py:3954} INFO - Setting next_dagrun for conditional_dataset_and_time_based_timetable to 2025-04-30 01:00:00+00:00, run_after=2025-04-30 01:00:00+00:00
[2025-05-02T19:42:18.224+0000] {logging_mixin.py:188} INFO - [2025-05-02T19:42:18.223+0000] {dag.py:3954} INFO - Setting next_dagrun for consume_1_and_2_with_dataset_expressions to None, run_after=None
[2025-05-02T19:42:18.224+0000] {logging_mixin.py:188} INFO - [2025-05-02T19:42:18.224+0000] {dag.py:3954} INFO - Setting next_dagrun for consume_1_or_2_with_dataset_expressions to None, run_after=None
[2025-05-02T19:42:18.225+0000] {logging_mixin.py:188} INFO - [2025-05-02T19:42:18.225+0000] {dag.py:3954} INFO - Setting next_dagrun for consume_1_or_both_2_and_3_with_dataset_expressions to None, run_after=None
[2025-05-02T19:42:18.226+0000] {logging_mixin.py:188} INFO - [2025-05-02T19:42:18.226+0000] {dag.py:3954} INFO - Setting next_dagrun for dataset_consumes_1 to None, run_after=None
[2025-05-02T19:42:18.226+0000] {logging_mixin.py:188} INFO - [2025-05-02T19:42:18.226+0000] {dag.py:3954} INFO - Setting next_dagrun for dataset_consumes_1_and_2 to None, run_after=None
[2025-05-02T19:42:18.227+0000] {logging_mixin.py:188} INFO - [2025-05-02T19:42:18.227+0000] {dag.py:3954} INFO - Setting next_dagrun for dataset_consumes_1_never_scheduled to None, run_after=None
[2025-05-02T19:42:18.228+0000] {logging_mixin.py:188} INFO - [2025-05-02T19:42:18.227+0000] {dag.py:3954} INFO - Setting next_dagrun for dataset_consumes_unknown_never_scheduled to None, run_after=None
[2025-05-02T19:42:18.229+0000] {logging_mixin.py:188} INFO - [2025-05-02T19:42:18.229+0000] {dag.py:3954} INFO - Setting next_dagrun for dataset_produces_1 to 2025-05-01 00:00:00+00:00, run_after=2025-05-02 00:00:00+00:00
[2025-05-02T19:42:18.230+0000] {logging_mixin.py:188} INFO - [2025-05-02T19:42:18.230+0000] {dag.py:3954} INFO - Setting next_dagrun for dataset_produces_2 to None, run_after=None
[2025-05-02T19:42:18.251+0000] {processor.py:183} INFO - Processing /home/airflow/.local/lib/python3.12/site-packages/airflow/example_dags/example_datasets.py took 0.289 seconds
[2025-05-02T19:42:49.588+0000] {processor.py:161} INFO - Started process (PID=1153) to work on /home/airflow/.local/lib/python3.12/site-packages/airflow/example_dags/example_datasets.py
[2025-05-02T19:42:49.590+0000] {processor.py:830} INFO - Processing file /home/airflow/.local/lib/python3.12/site-packages/airflow/example_dags/example_datasets.py for tasks to queue
[2025-05-02T19:42:49.592+0000] {logging_mixin.py:188} INFO - [2025-05-02T19:42:49.591+0000] {dagbag.py:540} INFO - Filling up the DagBag from /home/airflow/.local/lib/python3.12/site-packages/airflow/example_dags/example_datasets.py
[2025-05-02T19:42:49.893+0000] {processor.py:840} INFO - DAG(s) 'conditional_dataset_and_time_based_timetable', 'dataset_produces_2', 'dataset_consumes_1_and_2', 'consume_1_or_both_2_and_3_with_dataset_expressions', 'consume_1_and_2_with_dataset_expressions', 'dataset_consumes_1_never_scheduled', 'consume_1_or_2_with_dataset_expressions', 'dataset_consumes_unknown_never_scheduled', 'dataset_consumes_1', 'dataset_produces_1' retrieved from /home/airflow/.local/lib/python3.12/site-packages/airflow/example_dags/example_datasets.py
[2025-05-02T19:42:49.937+0000] {logging_mixin.py:188} INFO - [2025-05-02T19:42:49.937+0000] {dag.py:3096} INFO - Sync 10 DAGs
[2025-05-02T19:42:49.960+0000] {logging_mixin.py:188} INFO - [2025-05-02T19:42:49.959+0000] {dag.py:3954} INFO - Setting next_dagrun for conditional_dataset_and_time_based_timetable to 2025-04-30 01:00:00+00:00, run_after=2025-04-30 01:00:00+00:00
[2025-05-02T19:42:49.964+0000] {logging_mixin.py:188} INFO - [2025-05-02T19:42:49.964+0000] {dag.py:3954} INFO - Setting next_dagrun for consume_1_and_2_with_dataset_expressions to None, run_after=None
[2025-05-02T19:42:49.966+0000] {logging_mixin.py:188} INFO - [2025-05-02T19:42:49.966+0000] {dag.py:3954} INFO - Setting next_dagrun for consume_1_or_2_with_dataset_expressions to None, run_after=None
[2025-05-02T19:42:49.967+0000] {logging_mixin.py:188} INFO - [2025-05-02T19:42:49.967+0000] {dag.py:3954} INFO - Setting next_dagrun for consume_1_or_both_2_and_3_with_dataset_expressions to None, run_after=None
[2025-05-02T19:42:49.969+0000] {logging_mixin.py:188} INFO - [2025-05-02T19:42:49.968+0000] {dag.py:3954} INFO - Setting next_dagrun for dataset_consumes_1 to None, run_after=None
[2025-05-02T19:42:49.970+0000] {logging_mixin.py:188} INFO - [2025-05-02T19:42:49.969+0000] {dag.py:3954} INFO - Setting next_dagrun for dataset_consumes_1_and_2 to None, run_after=None
[2025-05-02T19:42:49.970+0000] {logging_mixin.py:188} INFO - [2025-05-02T19:42:49.970+0000] {dag.py:3954} INFO - Setting next_dagrun for dataset_consumes_1_never_scheduled to None, run_after=None
[2025-05-02T19:42:49.971+0000] {logging_mixin.py:188} INFO - [2025-05-02T19:42:49.971+0000] {dag.py:3954} INFO - Setting next_dagrun for dataset_consumes_unknown_never_scheduled to None, run_after=None
[2025-05-02T19:42:49.974+0000] {logging_mixin.py:188} INFO - [2025-05-02T19:42:49.973+0000] {dag.py:3954} INFO - Setting next_dagrun for dataset_produces_1 to 2025-05-01 00:00:00+00:00, run_after=2025-05-02 00:00:00+00:00
[2025-05-02T19:42:49.975+0000] {logging_mixin.py:188} INFO - [2025-05-02T19:42:49.975+0000] {dag.py:3954} INFO - Setting next_dagrun for dataset_produces_2 to None, run_after=None
[2025-05-02T19:42:50.004+0000] {processor.py:183} INFO - Processing /home/airflow/.local/lib/python3.12/site-packages/airflow/example_dags/example_datasets.py took 0.423 seconds
[2025-05-02T19:43:20.104+0000] {processor.py:161} INFO - Started process (PID=1216) to work on /home/airflow/.local/lib/python3.12/site-packages/airflow/example_dags/example_datasets.py
[2025-05-02T19:43:20.104+0000] {processor.py:830} INFO - Processing file /home/airflow/.local/lib/python3.12/site-packages/airflow/example_dags/example_datasets.py for tasks to queue
[2025-05-02T19:43:20.106+0000] {logging_mixin.py:188} INFO - [2025-05-02T19:43:20.105+0000] {dagbag.py:540} INFO - Filling up the DagBag from /home/airflow/.local/lib/python3.12/site-packages/airflow/example_dags/example_datasets.py
[2025-05-02T19:43:20.374+0000] {processor.py:840} INFO - DAG(s) 'dataset_produces_1', 'dataset_produces_2', 'dataset_consumes_1', 'consume_1_or_2_with_dataset_expressions', 'conditional_dataset_and_time_based_timetable', 'consume_1_or_both_2_and_3_with_dataset_expressions', 'dataset_consumes_unknown_never_scheduled', 'dataset_consumes_1_never_scheduled', 'consume_1_and_2_with_dataset_expressions', 'dataset_consumes_1_and_2' retrieved from /home/airflow/.local/lib/python3.12/site-packages/airflow/example_dags/example_datasets.py
[2025-05-02T19:43:20.434+0000] {logging_mixin.py:188} INFO - [2025-05-02T19:43:20.434+0000] {dag.py:3096} INFO - Sync 10 DAGs
[2025-05-02T19:43:20.457+0000] {logging_mixin.py:188} INFO - [2025-05-02T19:43:20.457+0000] {dag.py:3954} INFO - Setting next_dagrun for conditional_dataset_and_time_based_timetable to 2025-04-30 01:00:00+00:00, run_after=2025-04-30 01:00:00+00:00
[2025-05-02T19:43:20.460+0000] {logging_mixin.py:188} INFO - [2025-05-02T19:43:20.460+0000] {dag.py:3954} INFO - Setting next_dagrun for consume_1_and_2_with_dataset_expressions to None, run_after=None
[2025-05-02T19:43:20.461+0000] {logging_mixin.py:188} INFO - [2025-05-02T19:43:20.461+0000] {dag.py:3954} INFO - Setting next_dagrun for consume_1_or_2_with_dataset_expressions to None, run_after=None
[2025-05-02T19:43:20.462+0000] {logging_mixin.py:188} INFO - [2025-05-02T19:43:20.462+0000] {dag.py:3954} INFO - Setting next_dagrun for consume_1_or_both_2_and_3_with_dataset_expressions to None, run_after=None
[2025-05-02T19:43:20.463+0000] {logging_mixin.py:188} INFO - [2025-05-02T19:43:20.463+0000] {dag.py:3954} INFO - Setting next_dagrun for dataset_consumes_1 to None, run_after=None
[2025-05-02T19:43:20.464+0000] {logging_mixin.py:188} INFO - [2025-05-02T19:43:20.464+0000] {dag.py:3954} INFO - Setting next_dagrun for dataset_consumes_1_and_2 to None, run_after=None
[2025-05-02T19:43:20.465+0000] {logging_mixin.py:188} INFO - [2025-05-02T19:43:20.465+0000] {dag.py:3954} INFO - Setting next_dagrun for dataset_consumes_1_never_scheduled to None, run_after=None
[2025-05-02T19:43:20.466+0000] {logging_mixin.py:188} INFO - [2025-05-02T19:43:20.466+0000] {dag.py:3954} INFO - Setting next_dagrun for dataset_consumes_unknown_never_scheduled to None, run_after=None
[2025-05-02T19:43:20.468+0000] {logging_mixin.py:188} INFO - [2025-05-02T19:43:20.468+0000] {dag.py:3954} INFO - Setting next_dagrun for dataset_produces_1 to 2025-05-01 00:00:00+00:00, run_after=2025-05-02 00:00:00+00:00
[2025-05-02T19:43:20.469+0000] {logging_mixin.py:188} INFO - [2025-05-02T19:43:20.469+0000] {dag.py:3954} INFO - Setting next_dagrun for dataset_produces_2 to None, run_after=None
[2025-05-02T19:43:20.494+0000] {processor.py:183} INFO - Processing /home/airflow/.local/lib/python3.12/site-packages/airflow/example_dags/example_datasets.py took 0.396 seconds
[2025-05-02T19:43:50.753+0000] {processor.py:161} INFO - Started process (PID=1277) to work on /home/airflow/.local/lib/python3.12/site-packages/airflow/example_dags/example_datasets.py
[2025-05-02T19:43:50.754+0000] {processor.py:830} INFO - Processing file /home/airflow/.local/lib/python3.12/site-packages/airflow/example_dags/example_datasets.py for tasks to queue
[2025-05-02T19:43:50.756+0000] {logging_mixin.py:188} INFO - [2025-05-02T19:43:50.755+0000] {dagbag.py:540} INFO - Filling up the DagBag from /home/airflow/.local/lib/python3.12/site-packages/airflow/example_dags/example_datasets.py
[2025-05-02T19:43:50.980+0000] {processor.py:840} INFO - DAG(s) 'consume_1_or_both_2_and_3_with_dataset_expressions', 'dataset_consumes_1_never_scheduled', 'dataset_consumes_unknown_never_scheduled', 'consume_1_or_2_with_dataset_expressions', 'dataset_consumes_1', 'dataset_produces_1', 'dataset_consumes_1_and_2', 'conditional_dataset_and_time_based_timetable', 'dataset_produces_2', 'consume_1_and_2_with_dataset_expressions' retrieved from /home/airflow/.local/lib/python3.12/site-packages/airflow/example_dags/example_datasets.py
[2025-05-02T19:43:51.015+0000] {logging_mixin.py:188} INFO - [2025-05-02T19:43:51.015+0000] {dag.py:3096} INFO - Sync 10 DAGs
[2025-05-02T19:43:51.034+0000] {logging_mixin.py:188} INFO - [2025-05-02T19:43:51.034+0000] {dag.py:3954} INFO - Setting next_dagrun for conditional_dataset_and_time_based_timetable to 2025-04-30 01:00:00+00:00, run_after=2025-04-30 01:00:00+00:00
[2025-05-02T19:43:51.037+0000] {logging_mixin.py:188} INFO - [2025-05-02T19:43:51.037+0000] {dag.py:3954} INFO - Setting next_dagrun for consume_1_and_2_with_dataset_expressions to None, run_after=None
[2025-05-02T19:43:51.039+0000] {logging_mixin.py:188} INFO - [2025-05-02T19:43:51.038+0000] {dag.py:3954} INFO - Setting next_dagrun for consume_1_or_2_with_dataset_expressions to None, run_after=None
[2025-05-02T19:43:51.040+0000] {logging_mixin.py:188} INFO - [2025-05-02T19:43:51.040+0000] {dag.py:3954} INFO - Setting next_dagrun for consume_1_or_both_2_and_3_with_dataset_expressions to None, run_after=None
[2025-05-02T19:43:51.041+0000] {logging_mixin.py:188} INFO - [2025-05-02T19:43:51.041+0000] {dag.py:3954} INFO - Setting next_dagrun for dataset_consumes_1 to None, run_after=None
[2025-05-02T19:43:51.042+0000] {logging_mixin.py:188} INFO - [2025-05-02T19:43:51.041+0000] {dag.py:3954} INFO - Setting next_dagrun for dataset_consumes_1_and_2 to None, run_after=None
[2025-05-02T19:43:51.042+0000] {logging_mixin.py:188} INFO - [2025-05-02T19:43:51.042+0000] {dag.py:3954} INFO - Setting next_dagrun for dataset_consumes_1_never_scheduled to None, run_after=None
[2025-05-02T19:43:51.044+0000] {logging_mixin.py:188} INFO - [2025-05-02T19:43:51.044+0000] {dag.py:3954} INFO - Setting next_dagrun for dataset_consumes_unknown_never_scheduled to None, run_after=None
[2025-05-02T19:43:51.047+0000] {logging_mixin.py:188} INFO - [2025-05-02T19:43:51.046+0000] {dag.py:3954} INFO - Setting next_dagrun for dataset_produces_1 to 2025-05-01 00:00:00+00:00, run_after=2025-05-02 00:00:00+00:00
[2025-05-02T19:43:51.048+0000] {logging_mixin.py:188} INFO - [2025-05-02T19:43:51.047+0000] {dag.py:3954} INFO - Setting next_dagrun for dataset_produces_2 to None, run_after=None
[2025-05-02T19:43:51.081+0000] {processor.py:183} INFO - Processing /home/airflow/.local/lib/python3.12/site-packages/airflow/example_dags/example_datasets.py took 0.333 seconds
[2025-05-02T19:44:22.048+0000] {processor.py:161} INFO - Started process (PID=1368) to work on /home/airflow/.local/lib/python3.12/site-packages/airflow/example_dags/example_datasets.py
[2025-05-02T19:44:22.049+0000] {processor.py:830} INFO - Processing file /home/airflow/.local/lib/python3.12/site-packages/airflow/example_dags/example_datasets.py for tasks to queue
[2025-05-02T19:44:22.052+0000] {logging_mixin.py:188} INFO - [2025-05-02T19:44:22.052+0000] {dagbag.py:540} INFO - Filling up the DagBag from /home/airflow/.local/lib/python3.12/site-packages/airflow/example_dags/example_datasets.py
[2025-05-02T19:44:22.412+0000] {processor.py:840} INFO - DAG(s) 'dataset_consumes_1_and_2', 'dataset_consumes_unknown_never_scheduled', 'consume_1_or_both_2_and_3_with_dataset_expressions', 'dataset_consumes_1', 'conditional_dataset_and_time_based_timetable', 'dataset_consumes_1_never_scheduled', 'consume_1_and_2_with_dataset_expressions', 'consume_1_or_2_with_dataset_expressions', 'dataset_produces_2', 'dataset_produces_1' retrieved from /home/airflow/.local/lib/python3.12/site-packages/airflow/example_dags/example_datasets.py
[2025-05-02T19:44:22.806+0000] {logging_mixin.py:188} INFO - [2025-05-02T19:44:22.805+0000] {dag.py:3096} INFO - Sync 10 DAGs
[2025-05-02T19:44:22.849+0000] {logging_mixin.py:188} INFO - [2025-05-02T19:44:22.849+0000] {dag.py:3954} INFO - Setting next_dagrun for conditional_dataset_and_time_based_timetable to 2025-04-30 01:00:00+00:00, run_after=2025-04-30 01:00:00+00:00
[2025-05-02T19:44:22.856+0000] {logging_mixin.py:188} INFO - [2025-05-02T19:44:22.856+0000] {dag.py:3954} INFO - Setting next_dagrun for consume_1_and_2_with_dataset_expressions to None, run_after=None
[2025-05-02T19:44:22.861+0000] {logging_mixin.py:188} INFO - [2025-05-02T19:44:22.861+0000] {dag.py:3954} INFO - Setting next_dagrun for consume_1_or_2_with_dataset_expressions to None, run_after=None
[2025-05-02T19:44:22.864+0000] {logging_mixin.py:188} INFO - [2025-05-02T19:44:22.863+0000] {dag.py:3954} INFO - Setting next_dagrun for consume_1_or_both_2_and_3_with_dataset_expressions to None, run_after=None
[2025-05-02T19:44:22.865+0000] {logging_mixin.py:188} INFO - [2025-05-02T19:44:22.865+0000] {dag.py:3954} INFO - Setting next_dagrun for dataset_consumes_1 to None, run_after=None
[2025-05-02T19:44:22.868+0000] {logging_mixin.py:188} INFO - [2025-05-02T19:44:22.867+0000] {dag.py:3954} INFO - Setting next_dagrun for dataset_consumes_1_and_2 to None, run_after=None
[2025-05-02T19:44:22.870+0000] {logging_mixin.py:188} INFO - [2025-05-02T19:44:22.870+0000] {dag.py:3954} INFO - Setting next_dagrun for dataset_consumes_1_never_scheduled to None, run_after=None
[2025-05-02T19:44:22.872+0000] {logging_mixin.py:188} INFO - [2025-05-02T19:44:22.872+0000] {dag.py:3954} INFO - Setting next_dagrun for dataset_consumes_unknown_never_scheduled to None, run_after=None
[2025-05-02T19:44:22.876+0000] {logging_mixin.py:188} INFO - [2025-05-02T19:44:22.876+0000] {dag.py:3954} INFO - Setting next_dagrun for dataset_produces_1 to 2025-05-01 00:00:00+00:00, run_after=2025-05-02 00:00:00+00:00
[2025-05-02T19:44:22.878+0000] {logging_mixin.py:188} INFO - [2025-05-02T19:44:22.878+0000] {dag.py:3954} INFO - Setting next_dagrun for dataset_produces_2 to None, run_after=None
[2025-05-02T19:44:22.940+0000] {processor.py:183} INFO - Processing /home/airflow/.local/lib/python3.12/site-packages/airflow/example_dags/example_datasets.py took 0.903 seconds
[2025-05-02T19:44:53.432+0000] {processor.py:161} INFO - Started process (PID=1470) to work on /home/airflow/.local/lib/python3.12/site-packages/airflow/example_dags/example_datasets.py
[2025-05-02T19:44:53.434+0000] {processor.py:830} INFO - Processing file /home/airflow/.local/lib/python3.12/site-packages/airflow/example_dags/example_datasets.py for tasks to queue
[2025-05-02T19:44:53.438+0000] {logging_mixin.py:188} INFO - [2025-05-02T19:44:53.437+0000] {dagbag.py:540} INFO - Filling up the DagBag from /home/airflow/.local/lib/python3.12/site-packages/airflow/example_dags/example_datasets.py
[2025-05-02T19:44:54.310+0000] {processor.py:840} INFO - DAG(s) 'dataset_produces_1', 'dataset_produces_2', 'consume_1_or_both_2_and_3_with_dataset_expressions', 'conditional_dataset_and_time_based_timetable', 'dataset_consumes_unknown_never_scheduled', 'consume_1_and_2_with_dataset_expressions', 'dataset_consumes_1_never_scheduled', 'consume_1_or_2_with_dataset_expressions', 'dataset_consumes_1', 'dataset_consumes_1_and_2' retrieved from /home/airflow/.local/lib/python3.12/site-packages/airflow/example_dags/example_datasets.py
[2025-05-02T19:44:54.421+0000] {logging_mixin.py:188} INFO - [2025-05-02T19:44:54.420+0000] {dag.py:3096} INFO - Sync 10 DAGs
[2025-05-02T19:44:54.466+0000] {logging_mixin.py:188} INFO - [2025-05-02T19:44:54.466+0000] {dag.py:3954} INFO - Setting next_dagrun for conditional_dataset_and_time_based_timetable to 2025-04-30 01:00:00+00:00, run_after=2025-04-30 01:00:00+00:00
[2025-05-02T19:44:54.473+0000] {logging_mixin.py:188} INFO - [2025-05-02T19:44:54.472+0000] {dag.py:3954} INFO - Setting next_dagrun for consume_1_and_2_with_dataset_expressions to None, run_after=None
[2025-05-02T19:44:54.482+0000] {logging_mixin.py:188} INFO - [2025-05-02T19:44:54.481+0000] {dag.py:3954} INFO - Setting next_dagrun for consume_1_or_2_with_dataset_expressions to None, run_after=None
[2025-05-02T19:44:54.484+0000] {logging_mixin.py:188} INFO - [2025-05-02T19:44:54.484+0000] {dag.py:3954} INFO - Setting next_dagrun for consume_1_or_both_2_and_3_with_dataset_expressions to None, run_after=None
[2025-05-02T19:44:54.487+0000] {logging_mixin.py:188} INFO - [2025-05-02T19:44:54.486+0000] {dag.py:3954} INFO - Setting next_dagrun for dataset_consumes_1 to None, run_after=None
[2025-05-02T19:44:54.489+0000] {logging_mixin.py:188} INFO - [2025-05-02T19:44:54.488+0000] {dag.py:3954} INFO - Setting next_dagrun for dataset_consumes_1_and_2 to None, run_after=None
[2025-05-02T19:44:54.491+0000] {logging_mixin.py:188} INFO - [2025-05-02T19:44:54.490+0000] {dag.py:3954} INFO - Setting next_dagrun for dataset_consumes_1_never_scheduled to None, run_after=None
[2025-05-02T19:44:54.492+0000] {logging_mixin.py:188} INFO - [2025-05-02T19:44:54.492+0000] {dag.py:3954} INFO - Setting next_dagrun for dataset_consumes_unknown_never_scheduled to None, run_after=None
[2025-05-02T19:44:54.497+0000] {logging_mixin.py:188} INFO - [2025-05-02T19:44:54.496+0000] {dag.py:3954} INFO - Setting next_dagrun for dataset_produces_1 to 2025-05-01 00:00:00+00:00, run_after=2025-05-02 00:00:00+00:00
[2025-05-02T19:44:54.499+0000] {logging_mixin.py:188} INFO - [2025-05-02T19:44:54.498+0000] {dag.py:3954} INFO - Setting next_dagrun for dataset_produces_2 to None, run_after=None
[2025-05-02T19:44:54.635+0000] {processor.py:183} INFO - Processing /home/airflow/.local/lib/python3.12/site-packages/airflow/example_dags/example_datasets.py took 1.218 seconds
[2025-05-02T19:45:25.306+0000] {processor.py:161} INFO - Started process (PID=1562) to work on /home/airflow/.local/lib/python3.12/site-packages/airflow/example_dags/example_datasets.py
[2025-05-02T19:45:25.307+0000] {processor.py:830} INFO - Processing file /home/airflow/.local/lib/python3.12/site-packages/airflow/example_dags/example_datasets.py for tasks to queue
[2025-05-02T19:45:25.315+0000] {logging_mixin.py:188} INFO - [2025-05-02T19:45:25.314+0000] {dagbag.py:540} INFO - Filling up the DagBag from /home/airflow/.local/lib/python3.12/site-packages/airflow/example_dags/example_datasets.py
[2025-05-02T19:45:26.604+0000] {processor.py:840} INFO - DAG(s) 'dataset_produces_1', 'dataset_consumes_unknown_never_scheduled', 'dataset_consumes_1', 'dataset_consumes_1_and_2', 'conditional_dataset_and_time_based_timetable', 'dataset_produces_2', 'consume_1_or_both_2_and_3_with_dataset_expressions', 'dataset_consumes_1_never_scheduled', 'consume_1_or_2_with_dataset_expressions', 'consume_1_and_2_with_dataset_expressions' retrieved from /home/airflow/.local/lib/python3.12/site-packages/airflow/example_dags/example_datasets.py
[2025-05-02T19:45:26.768+0000] {logging_mixin.py:188} INFO - [2025-05-02T19:45:26.768+0000] {dag.py:3096} INFO - Sync 10 DAGs
[2025-05-02T19:45:26.835+0000] {logging_mixin.py:188} INFO - [2025-05-02T19:45:26.835+0000] {dag.py:3954} INFO - Setting next_dagrun for conditional_dataset_and_time_based_timetable to 2025-04-30 01:00:00+00:00, run_after=2025-04-30 01:00:00+00:00
[2025-05-02T19:45:26.846+0000] {logging_mixin.py:188} INFO - [2025-05-02T19:45:26.845+0000] {dag.py:3954} INFO - Setting next_dagrun for consume_1_and_2_with_dataset_expressions to None, run_after=None
[2025-05-02T19:45:26.860+0000] {logging_mixin.py:188} INFO - [2025-05-02T19:45:26.860+0000] {dag.py:3954} INFO - Setting next_dagrun for consume_1_or_2_with_dataset_expressions to None, run_after=None
[2025-05-02T19:45:26.866+0000] {logging_mixin.py:188} INFO - [2025-05-02T19:45:26.866+0000] {dag.py:3954} INFO - Setting next_dagrun for consume_1_or_both_2_and_3_with_dataset_expressions to None, run_after=None
[2025-05-02T19:45:26.868+0000] {logging_mixin.py:188} INFO - [2025-05-02T19:45:26.868+0000] {dag.py:3954} INFO - Setting next_dagrun for dataset_consumes_1 to None, run_after=None
[2025-05-02T19:45:26.872+0000] {logging_mixin.py:188} INFO - [2025-05-02T19:45:26.872+0000] {dag.py:3954} INFO - Setting next_dagrun for dataset_consumes_1_and_2 to None, run_after=None
[2025-05-02T19:45:26.875+0000] {logging_mixin.py:188} INFO - [2025-05-02T19:45:26.875+0000] {dag.py:3954} INFO - Setting next_dagrun for dataset_consumes_1_never_scheduled to None, run_after=None
[2025-05-02T19:45:26.884+0000] {logging_mixin.py:188} INFO - [2025-05-02T19:45:26.883+0000] {dag.py:3954} INFO - Setting next_dagrun for dataset_consumes_unknown_never_scheduled to None, run_after=None
[2025-05-02T19:45:26.892+0000] {logging_mixin.py:188} INFO - [2025-05-02T19:45:26.892+0000] {dag.py:3954} INFO - Setting next_dagrun for dataset_produces_1 to 2025-05-01 00:00:00+00:00, run_after=2025-05-02 00:00:00+00:00
[2025-05-02T19:45:26.895+0000] {logging_mixin.py:188} INFO - [2025-05-02T19:45:26.894+0000] {dag.py:3954} INFO - Setting next_dagrun for dataset_produces_2 to None, run_after=None
[2025-05-02T19:45:26.992+0000] {processor.py:183} INFO - Processing /home/airflow/.local/lib/python3.12/site-packages/airflow/example_dags/example_datasets.py took 1.702 seconds
[2025-05-02T19:45:57.276+0000] {processor.py:161} INFO - Started process (PID=1674) to work on /home/airflow/.local/lib/python3.12/site-packages/airflow/example_dags/example_datasets.py
[2025-05-02T19:45:57.277+0000] {processor.py:830} INFO - Processing file /home/airflow/.local/lib/python3.12/site-packages/airflow/example_dags/example_datasets.py for tasks to queue
[2025-05-02T19:45:57.281+0000] {logging_mixin.py:188} INFO - [2025-05-02T19:45:57.280+0000] {dagbag.py:540} INFO - Filling up the DagBag from /home/airflow/.local/lib/python3.12/site-packages/airflow/example_dags/example_datasets.py
[2025-05-02T19:45:57.791+0000] {processor.py:840} INFO - DAG(s) 'consume_1_or_both_2_and_3_with_dataset_expressions', 'consume_1_and_2_with_dataset_expressions', 'dataset_consumes_1', 'dataset_produces_2', 'dataset_produces_1', 'dataset_consumes_unknown_never_scheduled', 'dataset_consumes_1_and_2', 'conditional_dataset_and_time_based_timetable', 'dataset_consumes_1_never_scheduled', 'consume_1_or_2_with_dataset_expressions' retrieved from /home/airflow/.local/lib/python3.12/site-packages/airflow/example_dags/example_datasets.py
[2025-05-02T19:45:57.872+0000] {logging_mixin.py:188} INFO - [2025-05-02T19:45:57.871+0000] {dag.py:3096} INFO - Sync 10 DAGs
[2025-05-02T19:45:57.921+0000] {logging_mixin.py:188} INFO - [2025-05-02T19:45:57.921+0000] {dag.py:3954} INFO - Setting next_dagrun for conditional_dataset_and_time_based_timetable to 2025-04-30 01:00:00+00:00, run_after=2025-04-30 01:00:00+00:00
[2025-05-02T19:45:57.929+0000] {logging_mixin.py:188} INFO - [2025-05-02T19:45:57.928+0000] {dag.py:3954} INFO - Setting next_dagrun for consume_1_and_2_with_dataset_expressions to None, run_after=None
[2025-05-02T19:45:57.932+0000] {logging_mixin.py:188} INFO - [2025-05-02T19:45:57.931+0000] {dag.py:3954} INFO - Setting next_dagrun for consume_1_or_2_with_dataset_expressions to None, run_after=None
[2025-05-02T19:45:57.934+0000] {logging_mixin.py:188} INFO - [2025-05-02T19:45:57.934+0000] {dag.py:3954} INFO - Setting next_dagrun for consume_1_or_both_2_and_3_with_dataset_expressions to None, run_after=None
[2025-05-02T19:45:57.937+0000] {logging_mixin.py:188} INFO - [2025-05-02T19:45:57.937+0000] {dag.py:3954} INFO - Setting next_dagrun for dataset_consumes_1 to None, run_after=None
[2025-05-02T19:45:57.940+0000] {logging_mixin.py:188} INFO - [2025-05-02T19:45:57.939+0000] {dag.py:3954} INFO - Setting next_dagrun for dataset_consumes_1_and_2 to None, run_after=None
[2025-05-02T19:45:57.942+0000] {logging_mixin.py:188} INFO - [2025-05-02T19:45:57.942+0000] {dag.py:3954} INFO - Setting next_dagrun for dataset_consumes_1_never_scheduled to None, run_after=None
[2025-05-02T19:45:57.944+0000] {logging_mixin.py:188} INFO - [2025-05-02T19:45:57.944+0000] {dag.py:3954} INFO - Setting next_dagrun for dataset_consumes_unknown_never_scheduled to None, run_after=None
[2025-05-02T19:45:57.949+0000] {logging_mixin.py:188} INFO - [2025-05-02T19:45:57.949+0000] {dag.py:3954} INFO - Setting next_dagrun for dataset_produces_1 to 2025-05-01 00:00:00+00:00, run_after=2025-05-02 00:00:00+00:00
[2025-05-02T19:45:57.951+0000] {logging_mixin.py:188} INFO - [2025-05-02T19:45:57.951+0000] {dag.py:3954} INFO - Setting next_dagrun for dataset_produces_2 to None, run_after=None
[2025-05-02T19:45:58.043+0000] {processor.py:183} INFO - Processing /home/airflow/.local/lib/python3.12/site-packages/airflow/example_dags/example_datasets.py took 0.780 seconds
[2025-05-02T19:46:28.358+0000] {processor.py:161} INFO - Started process (PID=1777) to work on /home/airflow/.local/lib/python3.12/site-packages/airflow/example_dags/example_datasets.py
[2025-05-02T19:46:28.359+0000] {processor.py:830} INFO - Processing file /home/airflow/.local/lib/python3.12/site-packages/airflow/example_dags/example_datasets.py for tasks to queue
[2025-05-02T19:46:28.362+0000] {logging_mixin.py:188} INFO - [2025-05-02T19:46:28.362+0000] {dagbag.py:540} INFO - Filling up the DagBag from /home/airflow/.local/lib/python3.12/site-packages/airflow/example_dags/example_datasets.py
[2025-05-02T19:46:28.967+0000] {processor.py:840} INFO - DAG(s) 'consume_1_and_2_with_dataset_expressions', 'consume_1_or_2_with_dataset_expressions', 'conditional_dataset_and_time_based_timetable', 'dataset_consumes_unknown_never_scheduled', 'dataset_consumes_1_never_scheduled', 'consume_1_or_both_2_and_3_with_dataset_expressions', 'dataset_produces_1', 'dataset_produces_2', 'dataset_consumes_1_and_2', 'dataset_consumes_1' retrieved from /home/airflow/.local/lib/python3.12/site-packages/airflow/example_dags/example_datasets.py
[2025-05-02T19:46:29.307+0000] {logging_mixin.py:188} INFO - [2025-05-02T19:46:29.306+0000] {dag.py:3096} INFO - Sync 10 DAGs
[2025-05-02T19:46:29.415+0000] {logging_mixin.py:188} INFO - [2025-05-02T19:46:29.415+0000] {dag.py:3954} INFO - Setting next_dagrun for conditional_dataset_and_time_based_timetable to 2025-04-30 01:00:00+00:00, run_after=2025-04-30 01:00:00+00:00
[2025-05-02T19:46:29.424+0000] {logging_mixin.py:188} INFO - [2025-05-02T19:46:29.422+0000] {dag.py:3954} INFO - Setting next_dagrun for consume_1_and_2_with_dataset_expressions to None, run_after=None
[2025-05-02T19:46:29.436+0000] {logging_mixin.py:188} INFO - [2025-05-02T19:46:29.435+0000] {dag.py:3954} INFO - Setting next_dagrun for consume_1_or_2_with_dataset_expressions to None, run_after=None
[2025-05-02T19:46:29.438+0000] {logging_mixin.py:188} INFO - [2025-05-02T19:46:29.438+0000] {dag.py:3954} INFO - Setting next_dagrun for consume_1_or_both_2_and_3_with_dataset_expressions to None, run_after=None
[2025-05-02T19:46:29.440+0000] {logging_mixin.py:188} INFO - [2025-05-02T19:46:29.440+0000] {dag.py:3954} INFO - Setting next_dagrun for dataset_consumes_1 to None, run_after=None
[2025-05-02T19:46:29.442+0000] {logging_mixin.py:188} INFO - [2025-05-02T19:46:29.442+0000] {dag.py:3954} INFO - Setting next_dagrun for dataset_consumes_1_and_2 to None, run_after=None
[2025-05-02T19:46:29.444+0000] {logging_mixin.py:188} INFO - [2025-05-02T19:46:29.444+0000] {dag.py:3954} INFO - Setting next_dagrun for dataset_consumes_1_never_scheduled to None, run_after=None
[2025-05-02T19:46:29.446+0000] {logging_mixin.py:188} INFO - [2025-05-02T19:46:29.446+0000] {dag.py:3954} INFO - Setting next_dagrun for dataset_consumes_unknown_never_scheduled to None, run_after=None
[2025-05-02T19:46:29.451+0000] {logging_mixin.py:188} INFO - [2025-05-02T19:46:29.451+0000] {dag.py:3954} INFO - Setting next_dagrun for dataset_produces_1 to 2025-05-01 00:00:00+00:00, run_after=2025-05-02 00:00:00+00:00
[2025-05-02T19:46:29.463+0000] {logging_mixin.py:188} INFO - [2025-05-02T19:46:29.462+0000] {dag.py:3954} INFO - Setting next_dagrun for dataset_produces_2 to None, run_after=None
[2025-05-02T19:46:29.543+0000] {processor.py:183} INFO - Processing /home/airflow/.local/lib/python3.12/site-packages/airflow/example_dags/example_datasets.py took 1.209 seconds
[2025-05-02T19:46:59.676+0000] {processor.py:161} INFO - Started process (PID=1894) to work on /home/airflow/.local/lib/python3.12/site-packages/airflow/example_dags/example_datasets.py
[2025-05-02T19:46:59.680+0000] {processor.py:830} INFO - Processing file /home/airflow/.local/lib/python3.12/site-packages/airflow/example_dags/example_datasets.py for tasks to queue
[2025-05-02T19:46:59.685+0000] {logging_mixin.py:188} INFO - [2025-05-02T19:46:59.684+0000] {dagbag.py:540} INFO - Filling up the DagBag from /home/airflow/.local/lib/python3.12/site-packages/airflow/example_dags/example_datasets.py
[2025-05-02T19:47:00.542+0000] {processor.py:840} INFO - DAG(s) 'consume_1_and_2_with_dataset_expressions', 'dataset_produces_1', 'dataset_produces_2', 'conditional_dataset_and_time_based_timetable', 'consume_1_or_both_2_and_3_with_dataset_expressions', 'consume_1_or_2_with_dataset_expressions', 'dataset_consumes_1', 'dataset_consumes_1_and_2', 'dataset_consumes_unknown_never_scheduled', 'dataset_consumes_1_never_scheduled' retrieved from /home/airflow/.local/lib/python3.12/site-packages/airflow/example_dags/example_datasets.py
[2025-05-02T19:47:00.722+0000] {logging_mixin.py:188} INFO - [2025-05-02T19:47:00.722+0000] {dag.py:3096} INFO - Sync 10 DAGs
[2025-05-02T19:47:00.774+0000] {logging_mixin.py:188} INFO - [2025-05-02T19:47:00.774+0000] {dag.py:3954} INFO - Setting next_dagrun for conditional_dataset_and_time_based_timetable to 2025-04-30 01:00:00+00:00, run_after=2025-04-30 01:00:00+00:00
[2025-05-02T19:47:00.782+0000] {logging_mixin.py:188} INFO - [2025-05-02T19:47:00.782+0000] {dag.py:3954} INFO - Setting next_dagrun for consume_1_and_2_with_dataset_expressions to None, run_after=None
[2025-05-02T19:47:00.785+0000] {logging_mixin.py:188} INFO - [2025-05-02T19:47:00.785+0000] {dag.py:3954} INFO - Setting next_dagrun for consume_1_or_2_with_dataset_expressions to None, run_after=None
[2025-05-02T19:47:00.790+0000] {logging_mixin.py:188} INFO - [2025-05-02T19:47:00.789+0000] {dag.py:3954} INFO - Setting next_dagrun for consume_1_or_both_2_and_3_with_dataset_expressions to None, run_after=None
[2025-05-02T19:47:00.793+0000] {logging_mixin.py:188} INFO - [2025-05-02T19:47:00.792+0000] {dag.py:3954} INFO - Setting next_dagrun for dataset_consumes_1 to None, run_after=None
[2025-05-02T19:47:00.796+0000] {logging_mixin.py:188} INFO - [2025-05-02T19:47:00.795+0000] {dag.py:3954} INFO - Setting next_dagrun for dataset_consumes_1_and_2 to None, run_after=None
[2025-05-02T19:47:00.799+0000] {logging_mixin.py:188} INFO - [2025-05-02T19:47:00.799+0000] {dag.py:3954} INFO - Setting next_dagrun for dataset_consumes_1_never_scheduled to None, run_after=None
[2025-05-02T19:47:00.803+0000] {logging_mixin.py:188} INFO - [2025-05-02T19:47:00.802+0000] {dag.py:3954} INFO - Setting next_dagrun for dataset_consumes_unknown_never_scheduled to None, run_after=None
[2025-05-02T19:47:00.808+0000] {logging_mixin.py:188} INFO - [2025-05-02T19:47:00.807+0000] {dag.py:3954} INFO - Setting next_dagrun for dataset_produces_1 to 2025-05-01 00:00:00+00:00, run_after=2025-05-02 00:00:00+00:00
[2025-05-02T19:47:00.822+0000] {logging_mixin.py:188} INFO - [2025-05-02T19:47:00.822+0000] {dag.py:3954} INFO - Setting next_dagrun for dataset_produces_2 to None, run_after=None
[2025-05-02T19:47:00.950+0000] {processor.py:183} INFO - Processing /home/airflow/.local/lib/python3.12/site-packages/airflow/example_dags/example_datasets.py took 1.296 seconds
[2025-05-02T19:47:35.298+0000] {processor.py:161} INFO - Started process (PID=1996) to work on /home/airflow/.local/lib/python3.12/site-packages/airflow/example_dags/example_datasets.py
[2025-05-02T19:47:35.300+0000] {processor.py:830} INFO - Processing file /home/airflow/.local/lib/python3.12/site-packages/airflow/example_dags/example_datasets.py for tasks to queue
[2025-05-02T19:47:35.315+0000] {logging_mixin.py:188} INFO - [2025-05-02T19:47:35.314+0000] {dagbag.py:540} INFO - Filling up the DagBag from /home/airflow/.local/lib/python3.12/site-packages/airflow/example_dags/example_datasets.py
[2025-05-02T19:47:36.413+0000] {processor.py:840} INFO - DAG(s) 'dataset_consumes_1_and_2', 'conditional_dataset_and_time_based_timetable', 'dataset_consumes_1_never_scheduled', 'dataset_produces_2', 'dataset_produces_1', 'consume_1_and_2_with_dataset_expressions', 'dataset_consumes_1', 'consume_1_or_both_2_and_3_with_dataset_expressions', 'consume_1_or_2_with_dataset_expressions', 'dataset_consumes_unknown_never_scheduled' retrieved from /home/airflow/.local/lib/python3.12/site-packages/airflow/example_dags/example_datasets.py
[2025-05-02T19:47:36.549+0000] {logging_mixin.py:188} INFO - [2025-05-02T19:47:36.549+0000] {dag.py:3096} INFO - Sync 10 DAGs
[2025-05-02T19:47:36.618+0000] {logging_mixin.py:188} INFO - [2025-05-02T19:47:36.617+0000] {dag.py:3954} INFO - Setting next_dagrun for conditional_dataset_and_time_based_timetable to 2025-04-30 01:00:00+00:00, run_after=2025-04-30 01:00:00+00:00
[2025-05-02T19:47:36.630+0000] {logging_mixin.py:188} INFO - [2025-05-02T19:47:36.629+0000] {dag.py:3954} INFO - Setting next_dagrun for consume_1_and_2_with_dataset_expressions to None, run_after=None
[2025-05-02T19:47:36.640+0000] {logging_mixin.py:188} INFO - [2025-05-02T19:47:36.638+0000] {dag.py:3954} INFO - Setting next_dagrun for consume_1_or_2_with_dataset_expressions to None, run_after=None
[2025-05-02T19:47:36.643+0000] {logging_mixin.py:188} INFO - [2025-05-02T19:47:36.642+0000] {dag.py:3954} INFO - Setting next_dagrun for consume_1_or_both_2_and_3_with_dataset_expressions to None, run_after=None
[2025-05-02T19:47:36.646+0000] {logging_mixin.py:188} INFO - [2025-05-02T19:47:36.646+0000] {dag.py:3954} INFO - Setting next_dagrun for dataset_consumes_1 to None, run_after=None
[2025-05-02T19:47:36.652+0000] {logging_mixin.py:188} INFO - [2025-05-02T19:47:36.651+0000] {dag.py:3954} INFO - Setting next_dagrun for dataset_consumes_1_and_2 to None, run_after=None
[2025-05-02T19:47:36.655+0000] {logging_mixin.py:188} INFO - [2025-05-02T19:47:36.654+0000] {dag.py:3954} INFO - Setting next_dagrun for dataset_consumes_1_never_scheduled to None, run_after=None
[2025-05-02T19:47:36.657+0000] {logging_mixin.py:188} INFO - [2025-05-02T19:47:36.657+0000] {dag.py:3954} INFO - Setting next_dagrun for dataset_consumes_unknown_never_scheduled to None, run_after=None
[2025-05-02T19:47:36.667+0000] {logging_mixin.py:188} INFO - [2025-05-02T19:47:36.664+0000] {dag.py:3954} INFO - Setting next_dagrun for dataset_produces_1 to 2025-05-01 00:00:00+00:00, run_after=2025-05-02 00:00:00+00:00
[2025-05-02T19:47:36.676+0000] {logging_mixin.py:188} INFO - [2025-05-02T19:47:36.676+0000] {dag.py:3954} INFO - Setting next_dagrun for dataset_produces_2 to None, run_after=None
[2025-05-02T19:47:36.842+0000] {processor.py:183} INFO - Processing /home/airflow/.local/lib/python3.12/site-packages/airflow/example_dags/example_datasets.py took 1.571 seconds
[2025-05-02T19:48:07.981+0000] {processor.py:161} INFO - Started process (PID=2097) to work on /home/airflow/.local/lib/python3.12/site-packages/airflow/example_dags/example_datasets.py
[2025-05-02T19:48:07.995+0000] {processor.py:830} INFO - Processing file /home/airflow/.local/lib/python3.12/site-packages/airflow/example_dags/example_datasets.py for tasks to queue
[2025-05-02T19:48:08.002+0000] {logging_mixin.py:188} INFO - [2025-05-02T19:48:08.001+0000] {dagbag.py:540} INFO - Filling up the DagBag from /home/airflow/.local/lib/python3.12/site-packages/airflow/example_dags/example_datasets.py
[2025-05-02T19:48:08.938+0000] {processor.py:840} INFO - DAG(s) 'dataset_consumes_1_and_2', 'consume_1_and_2_with_dataset_expressions', 'dataset_produces_2', 'dataset_consumes_1', 'conditional_dataset_and_time_based_timetable', 'dataset_consumes_1_never_scheduled', 'consume_1_or_both_2_and_3_with_dataset_expressions', 'dataset_produces_1', 'dataset_consumes_unknown_never_scheduled', 'consume_1_or_2_with_dataset_expressions' retrieved from /home/airflow/.local/lib/python3.12/site-packages/airflow/example_dags/example_datasets.py
[2025-05-02T19:48:09.145+0000] {logging_mixin.py:188} INFO - [2025-05-02T19:48:09.144+0000] {dag.py:3096} INFO - Sync 10 DAGs
[2025-05-02T19:48:09.222+0000] {logging_mixin.py:188} INFO - [2025-05-02T19:48:09.222+0000] {dag.py:3954} INFO - Setting next_dagrun for conditional_dataset_and_time_based_timetable to 2025-04-30 01:00:00+00:00, run_after=2025-04-30 01:00:00+00:00
[2025-05-02T19:48:09.229+0000] {logging_mixin.py:188} INFO - [2025-05-02T19:48:09.229+0000] {dag.py:3954} INFO - Setting next_dagrun for consume_1_and_2_with_dataset_expressions to None, run_after=None
[2025-05-02T19:48:09.232+0000] {logging_mixin.py:188} INFO - [2025-05-02T19:48:09.231+0000] {dag.py:3954} INFO - Setting next_dagrun for consume_1_or_2_with_dataset_expressions to None, run_after=None
[2025-05-02T19:48:09.236+0000] {logging_mixin.py:188} INFO - [2025-05-02T19:48:09.235+0000] {dag.py:3954} INFO - Setting next_dagrun for consume_1_or_both_2_and_3_with_dataset_expressions to None, run_after=None
[2025-05-02T19:48:09.238+0000] {logging_mixin.py:188} INFO - [2025-05-02T19:48:09.238+0000] {dag.py:3954} INFO - Setting next_dagrun for dataset_consumes_1 to None, run_after=None
[2025-05-02T19:48:09.241+0000] {logging_mixin.py:188} INFO - [2025-05-02T19:48:09.241+0000] {dag.py:3954} INFO - Setting next_dagrun for dataset_consumes_1_and_2 to None, run_after=None
[2025-05-02T19:48:09.244+0000] {logging_mixin.py:188} INFO - [2025-05-02T19:48:09.244+0000] {dag.py:3954} INFO - Setting next_dagrun for dataset_consumes_1_never_scheduled to None, run_after=None
[2025-05-02T19:48:09.246+0000] {logging_mixin.py:188} INFO - [2025-05-02T19:48:09.246+0000] {dag.py:3954} INFO - Setting next_dagrun for dataset_consumes_unknown_never_scheduled to None, run_after=None
[2025-05-02T19:48:09.251+0000] {logging_mixin.py:188} INFO - [2025-05-02T19:48:09.250+0000] {dag.py:3954} INFO - Setting next_dagrun for dataset_produces_1 to 2025-05-01 00:00:00+00:00, run_after=2025-05-02 00:00:00+00:00
[2025-05-02T19:48:09.253+0000] {logging_mixin.py:188} INFO - [2025-05-02T19:48:09.253+0000] {dag.py:3954} INFO - Setting next_dagrun for dataset_produces_2 to None, run_after=None
[2025-05-02T19:48:09.376+0000] {processor.py:183} INFO - Processing /home/airflow/.local/lib/python3.12/site-packages/airflow/example_dags/example_datasets.py took 1.410 seconds
[2025-05-02T19:48:40.046+0000] {processor.py:161} INFO - Started process (PID=2176) to work on /home/airflow/.local/lib/python3.12/site-packages/airflow/example_dags/example_datasets.py
[2025-05-02T19:48:40.050+0000] {processor.py:830} INFO - Processing file /home/airflow/.local/lib/python3.12/site-packages/airflow/example_dags/example_datasets.py for tasks to queue
[2025-05-02T19:48:40.057+0000] {logging_mixin.py:188} INFO - [2025-05-02T19:48:40.056+0000] {dagbag.py:540} INFO - Filling up the DagBag from /home/airflow/.local/lib/python3.12/site-packages/airflow/example_dags/example_datasets.py
[2025-05-02T19:48:41.400+0000] {processor.py:840} INFO - DAG(s) 'consume_1_and_2_with_dataset_expressions', 'dataset_produces_1', 'dataset_consumes_1', 'consume_1_or_2_with_dataset_expressions', 'dataset_consumes_1_never_scheduled', 'consume_1_or_both_2_and_3_with_dataset_expressions', 'conditional_dataset_and_time_based_timetable', 'dataset_produces_2', 'dataset_consumes_1_and_2', 'dataset_consumes_unknown_never_scheduled' retrieved from /home/airflow/.local/lib/python3.12/site-packages/airflow/example_dags/example_datasets.py
[2025-05-02T19:48:41.786+0000] {logging_mixin.py:188} INFO - [2025-05-02T19:48:41.775+0000] {dag.py:3096} INFO - Sync 10 DAGs
[2025-05-02T19:48:41.946+0000] {logging_mixin.py:188} INFO - [2025-05-02T19:48:41.945+0000] {dag.py:3954} INFO - Setting next_dagrun for conditional_dataset_and_time_based_timetable to 2025-04-30 01:00:00+00:00, run_after=2025-04-30 01:00:00+00:00
[2025-05-02T19:48:41.979+0000] {logging_mixin.py:188} INFO - [2025-05-02T19:48:41.979+0000] {dag.py:3954} INFO - Setting next_dagrun for consume_1_and_2_with_dataset_expressions to None, run_after=None
[2025-05-02T19:48:41.988+0000] {logging_mixin.py:188} INFO - [2025-05-02T19:48:41.987+0000] {dag.py:3954} INFO - Setting next_dagrun for consume_1_or_2_with_dataset_expressions to None, run_after=None
[2025-05-02T19:48:42.001+0000] {logging_mixin.py:188} INFO - [2025-05-02T19:48:42.001+0000] {dag.py:3954} INFO - Setting next_dagrun for consume_1_or_both_2_and_3_with_dataset_expressions to None, run_after=None
[2025-05-02T19:48:42.007+0000] {logging_mixin.py:188} INFO - [2025-05-02T19:48:42.006+0000] {dag.py:3954} INFO - Setting next_dagrun for dataset_consumes_1 to None, run_after=None
[2025-05-02T19:48:42.020+0000] {logging_mixin.py:188} INFO - [2025-05-02T19:48:42.020+0000] {dag.py:3954} INFO - Setting next_dagrun for dataset_consumes_1_and_2 to None, run_after=None
[2025-05-02T19:48:42.027+0000] {logging_mixin.py:188} INFO - [2025-05-02T19:48:42.027+0000] {dag.py:3954} INFO - Setting next_dagrun for dataset_consumes_1_never_scheduled to None, run_after=None
[2025-05-02T19:48:42.035+0000] {logging_mixin.py:188} INFO - [2025-05-02T19:48:42.035+0000] {dag.py:3954} INFO - Setting next_dagrun for dataset_consumes_unknown_never_scheduled to None, run_after=None
[2025-05-02T19:48:42.042+0000] {logging_mixin.py:188} INFO - [2025-05-02T19:48:42.041+0000] {dag.py:3954} INFO - Setting next_dagrun for dataset_produces_1 to 2025-05-01 00:00:00+00:00, run_after=2025-05-02 00:00:00+00:00
[2025-05-02T19:48:42.045+0000] {logging_mixin.py:188} INFO - [2025-05-02T19:48:42.044+0000] {dag.py:3954} INFO - Setting next_dagrun for dataset_produces_2 to None, run_after=None
[2025-05-02T19:48:42.213+0000] {processor.py:183} INFO - Processing /home/airflow/.local/lib/python3.12/site-packages/airflow/example_dags/example_datasets.py took 2.190 seconds
[2025-05-02T19:49:15.342+0000] {processor.py:161} INFO - Started process (PID=2270) to work on /home/airflow/.local/lib/python3.12/site-packages/airflow/example_dags/example_datasets.py
[2025-05-02T19:49:15.344+0000] {processor.py:830} INFO - Processing file /home/airflow/.local/lib/python3.12/site-packages/airflow/example_dags/example_datasets.py for tasks to queue
[2025-05-02T19:49:15.347+0000] {logging_mixin.py:188} INFO - [2025-05-02T19:49:15.347+0000] {dagbag.py:540} INFO - Filling up the DagBag from /home/airflow/.local/lib/python3.12/site-packages/airflow/example_dags/example_datasets.py
[2025-05-02T19:49:16.173+0000] {processor.py:840} INFO - DAG(s) 'dataset_consumes_1_and_2', 'consume_1_or_2_with_dataset_expressions', 'dataset_produces_2', 'dataset_consumes_unknown_never_scheduled', 'consume_1_and_2_with_dataset_expressions', 'dataset_produces_1', 'dataset_consumes_1_never_scheduled', 'dataset_consumes_1', 'consume_1_or_both_2_and_3_with_dataset_expressions', 'conditional_dataset_and_time_based_timetable' retrieved from /home/airflow/.local/lib/python3.12/site-packages/airflow/example_dags/example_datasets.py
[2025-05-02T19:49:16.576+0000] {logging_mixin.py:188} INFO - [2025-05-02T19:49:16.564+0000] {dag.py:3096} INFO - Sync 10 DAGs
[2025-05-02T19:49:16.713+0000] {logging_mixin.py:188} INFO - [2025-05-02T19:49:16.712+0000] {dag.py:3954} INFO - Setting next_dagrun for conditional_dataset_and_time_based_timetable to 2025-04-30 01:00:00+00:00, run_after=2025-04-30 01:00:00+00:00
[2025-05-02T19:49:16.721+0000] {logging_mixin.py:188} INFO - [2025-05-02T19:49:16.720+0000] {dag.py:3954} INFO - Setting next_dagrun for consume_1_and_2_with_dataset_expressions to None, run_after=None
[2025-05-02T19:49:16.728+0000] {logging_mixin.py:188} INFO - [2025-05-02T19:49:16.727+0000] {dag.py:3954} INFO - Setting next_dagrun for consume_1_or_2_with_dataset_expressions to None, run_after=None
[2025-05-02T19:49:16.730+0000] {logging_mixin.py:188} INFO - [2025-05-02T19:49:16.730+0000] {dag.py:3954} INFO - Setting next_dagrun for consume_1_or_both_2_and_3_with_dataset_expressions to None, run_after=None
[2025-05-02T19:49:16.745+0000] {logging_mixin.py:188} INFO - [2025-05-02T19:49:16.744+0000] {dag.py:3954} INFO - Setting next_dagrun for dataset_consumes_1 to None, run_after=None
[2025-05-02T19:49:16.747+0000] {logging_mixin.py:188} INFO - [2025-05-02T19:49:16.747+0000] {dag.py:3954} INFO - Setting next_dagrun for dataset_consumes_1_and_2 to None, run_after=None
[2025-05-02T19:49:16.750+0000] {logging_mixin.py:188} INFO - [2025-05-02T19:49:16.749+0000] {dag.py:3954} INFO - Setting next_dagrun for dataset_consumes_1_never_scheduled to None, run_after=None
[2025-05-02T19:49:16.762+0000] {logging_mixin.py:188} INFO - [2025-05-02T19:49:16.761+0000] {dag.py:3954} INFO - Setting next_dagrun for dataset_consumes_unknown_never_scheduled to None, run_after=None
[2025-05-02T19:49:16.767+0000] {logging_mixin.py:188} INFO - [2025-05-02T19:49:16.767+0000] {dag.py:3954} INFO - Setting next_dagrun for dataset_produces_1 to 2025-05-01 00:00:00+00:00, run_after=2025-05-02 00:00:00+00:00
[2025-05-02T19:49:16.771+0000] {logging_mixin.py:188} INFO - [2025-05-02T19:49:16.770+0000] {dag.py:3954} INFO - Setting next_dagrun for dataset_produces_2 to None, run_after=None
[2025-05-02T19:49:16.854+0000] {processor.py:183} INFO - Processing /home/airflow/.local/lib/python3.12/site-packages/airflow/example_dags/example_datasets.py took 1.524 seconds
[2025-05-02T19:49:47.122+0000] {processor.py:161} INFO - Started process (PID=2356) to work on /home/airflow/.local/lib/python3.12/site-packages/airflow/example_dags/example_datasets.py
[2025-05-02T19:49:47.136+0000] {processor.py:830} INFO - Processing file /home/airflow/.local/lib/python3.12/site-packages/airflow/example_dags/example_datasets.py for tasks to queue
[2025-05-02T19:49:47.140+0000] {logging_mixin.py:188} INFO - [2025-05-02T19:49:47.139+0000] {dagbag.py:540} INFO - Filling up the DagBag from /home/airflow/.local/lib/python3.12/site-packages/airflow/example_dags/example_datasets.py
[2025-05-02T19:49:50.736+0000] {processor.py:840} INFO - DAG(s) 'dataset_produces_2', 'dataset_produces_1', 'dataset_consumes_1', 'consume_1_or_both_2_and_3_with_dataset_expressions', 'consume_1_and_2_with_dataset_expressions', 'dataset_consumes_1_never_scheduled', 'conditional_dataset_and_time_based_timetable', 'dataset_consumes_1_and_2', 'consume_1_or_2_with_dataset_expressions', 'dataset_consumes_unknown_never_scheduled' retrieved from /home/airflow/.local/lib/python3.12/site-packages/airflow/example_dags/example_datasets.py
[2025-05-02T19:49:50.865+0000] {logging_mixin.py:188} INFO - [2025-05-02T19:49:50.864+0000] {dag.py:3096} INFO - Sync 10 DAGs
[2025-05-02T19:49:50.961+0000] {logging_mixin.py:188} INFO - [2025-05-02T19:49:50.959+0000] {dag.py:3954} INFO - Setting next_dagrun for conditional_dataset_and_time_based_timetable to 2025-04-30 01:00:00+00:00, run_after=2025-04-30 01:00:00+00:00
[2025-05-02T19:49:50.972+0000] {logging_mixin.py:188} INFO - [2025-05-02T19:49:50.972+0000] {dag.py:3954} INFO - Setting next_dagrun for consume_1_and_2_with_dataset_expressions to None, run_after=None
[2025-05-02T19:49:50.977+0000] {logging_mixin.py:188} INFO - [2025-05-02T19:49:50.976+0000] {dag.py:3954} INFO - Setting next_dagrun for consume_1_or_2_with_dataset_expressions to None, run_after=None
[2025-05-02T19:49:50.982+0000] {logging_mixin.py:188} INFO - [2025-05-02T19:49:50.982+0000] {dag.py:3954} INFO - Setting next_dagrun for consume_1_or_both_2_and_3_with_dataset_expressions to None, run_after=None
[2025-05-02T19:49:50.988+0000] {logging_mixin.py:188} INFO - [2025-05-02T19:49:50.987+0000] {dag.py:3954} INFO - Setting next_dagrun for dataset_consumes_1 to None, run_after=None
[2025-05-02T19:49:50.991+0000] {logging_mixin.py:188} INFO - [2025-05-02T19:49:50.990+0000] {dag.py:3954} INFO - Setting next_dagrun for dataset_consumes_1_and_2 to None, run_after=None
[2025-05-02T19:49:50.994+0000] {logging_mixin.py:188} INFO - [2025-05-02T19:49:50.993+0000] {dag.py:3954} INFO - Setting next_dagrun for dataset_consumes_1_never_scheduled to None, run_after=None
[2025-05-02T19:49:51.000+0000] {logging_mixin.py:188} INFO - [2025-05-02T19:49:50.998+0000] {dag.py:3954} INFO - Setting next_dagrun for dataset_consumes_unknown_never_scheduled to None, run_after=None
[2025-05-02T19:49:51.006+0000] {logging_mixin.py:188} INFO - [2025-05-02T19:49:51.006+0000] {dag.py:3954} INFO - Setting next_dagrun for dataset_produces_1 to 2025-05-01 00:00:00+00:00, run_after=2025-05-02 00:00:00+00:00
[2025-05-02T19:49:51.011+0000] {logging_mixin.py:188} INFO - [2025-05-02T19:49:51.010+0000] {dag.py:3954} INFO - Setting next_dagrun for dataset_produces_2 to None, run_after=None
[2025-05-02T19:49:51.185+0000] {processor.py:183} INFO - Processing /home/airflow/.local/lib/python3.12/site-packages/airflow/example_dags/example_datasets.py took 1.132 seconds
[2025-05-02T19:50:21.722+0000] {processor.py:161} INFO - Started process (PID=2472) to work on /home/airflow/.local/lib/python3.12/site-packages/airflow/example_dags/example_datasets.py
[2025-05-02T19:50:21.729+0000] {processor.py:830} INFO - Processing file /home/airflow/.local/lib/python3.12/site-packages/airflow/example_dags/example_datasets.py for tasks to queue
[2025-05-02T19:50:21.733+0000] {logging_mixin.py:188} INFO - [2025-05-02T19:50:21.732+0000] {dagbag.py:540} INFO - Filling up the DagBag from /home/airflow/.local/lib/python3.12/site-packages/airflow/example_dags/example_datasets.py
[2025-05-02T19:50:22.502+0000] {processor.py:840} INFO - DAG(s) 'dataset_consumes_unknown_never_scheduled', 'dataset_produces_1', 'dataset_consumes_1', 'consume_1_or_both_2_and_3_with_dataset_expressions', 'dataset_consumes_1_never_scheduled', 'dataset_consumes_1_and_2', 'conditional_dataset_and_time_based_timetable', 'consume_1_and_2_with_dataset_expressions', 'consume_1_or_2_with_dataset_expressions', 'dataset_produces_2' retrieved from /home/airflow/.local/lib/python3.12/site-packages/airflow/example_dags/example_datasets.py
[2025-05-02T19:50:25.714+0000] {logging_mixin.py:188} INFO - [2025-05-02T19:50:25.714+0000] {dag.py:3096} INFO - Sync 10 DAGs
[2025-05-02T19:50:25.801+0000] {logging_mixin.py:188} INFO - [2025-05-02T19:50:25.801+0000] {dag.py:3954} INFO - Setting next_dagrun for conditional_dataset_and_time_based_timetable to 2025-04-30 01:00:00+00:00, run_after=2025-04-30 01:00:00+00:00
[2025-05-02T19:50:25.817+0000] {logging_mixin.py:188} INFO - [2025-05-02T19:50:25.817+0000] {dag.py:3954} INFO - Setting next_dagrun for consume_1_and_2_with_dataset_expressions to None, run_after=None
[2025-05-02T19:50:25.820+0000] {logging_mixin.py:188} INFO - [2025-05-02T19:50:25.819+0000] {dag.py:3954} INFO - Setting next_dagrun for consume_1_or_2_with_dataset_expressions to None, run_after=None
[2025-05-02T19:50:25.828+0000] {logging_mixin.py:188} INFO - [2025-05-02T19:50:25.828+0000] {dag.py:3954} INFO - Setting next_dagrun for consume_1_or_both_2_and_3_with_dataset_expressions to None, run_after=None
[2025-05-02T19:50:25.831+0000] {logging_mixin.py:188} INFO - [2025-05-02T19:50:25.831+0000] {dag.py:3954} INFO - Setting next_dagrun for dataset_consumes_1 to None, run_after=None
[2025-05-02T19:50:25.834+0000] {logging_mixin.py:188} INFO - [2025-05-02T19:50:25.833+0000] {dag.py:3954} INFO - Setting next_dagrun for dataset_consumes_1_and_2 to None, run_after=None
[2025-05-02T19:50:25.836+0000] {logging_mixin.py:188} INFO - [2025-05-02T19:50:25.836+0000] {dag.py:3954} INFO - Setting next_dagrun for dataset_consumes_1_never_scheduled to None, run_after=None
[2025-05-02T19:50:25.838+0000] {logging_mixin.py:188} INFO - [2025-05-02T19:50:25.838+0000] {dag.py:3954} INFO - Setting next_dagrun for dataset_consumes_unknown_never_scheduled to None, run_after=None
[2025-05-02T19:50:25.851+0000] {logging_mixin.py:188} INFO - [2025-05-02T19:50:25.850+0000] {dag.py:3954} INFO - Setting next_dagrun for dataset_produces_1 to 2025-05-01 00:00:00+00:00, run_after=2025-05-02 00:00:00+00:00
[2025-05-02T19:50:25.871+0000] {logging_mixin.py:188} INFO - [2025-05-02T19:50:25.871+0000] {dag.py:3954} INFO - Setting next_dagrun for dataset_produces_2 to None, run_after=None
[2025-05-02T19:50:26.072+0000] {processor.py:183} INFO - Processing /home/airflow/.local/lib/python3.12/site-packages/airflow/example_dags/example_datasets.py took 1.391 seconds
[2025-05-02T19:50:56.133+0000] {processor.py:161} INFO - Started process (PID=2573) to work on /home/airflow/.local/lib/python3.12/site-packages/airflow/example_dags/example_datasets.py
[2025-05-02T19:50:56.135+0000] {processor.py:830} INFO - Processing file /home/airflow/.local/lib/python3.12/site-packages/airflow/example_dags/example_datasets.py for tasks to queue
[2025-05-02T19:50:56.138+0000] {logging_mixin.py:188} INFO - [2025-05-02T19:50:56.137+0000] {dagbag.py:540} INFO - Filling up the DagBag from /home/airflow/.local/lib/python3.12/site-packages/airflow/example_dags/example_datasets.py
[2025-05-02T19:50:56.801+0000] {processor.py:840} INFO - DAG(s) 'consume_1_or_2_with_dataset_expressions', 'consume_1_or_both_2_and_3_with_dataset_expressions', 'dataset_consumes_1_and_2', 'consume_1_and_2_with_dataset_expressions', 'dataset_produces_1', 'conditional_dataset_and_time_based_timetable', 'dataset_consumes_1', 'dataset_consumes_1_never_scheduled', 'dataset_consumes_unknown_never_scheduled', 'dataset_produces_2' retrieved from /home/airflow/.local/lib/python3.12/site-packages/airflow/example_dags/example_datasets.py
[2025-05-02T19:50:56.962+0000] {logging_mixin.py:188} INFO - [2025-05-02T19:50:56.962+0000] {dag.py:3096} INFO - Sync 10 DAGs
[2025-05-02T19:50:57.045+0000] {logging_mixin.py:188} INFO - [2025-05-02T19:50:57.045+0000] {dag.py:3954} INFO - Setting next_dagrun for conditional_dataset_and_time_based_timetable to 2025-04-30 01:00:00+00:00, run_after=2025-04-30 01:00:00+00:00
[2025-05-02T19:50:57.058+0000] {logging_mixin.py:188} INFO - [2025-05-02T19:50:57.057+0000] {dag.py:3954} INFO - Setting next_dagrun for consume_1_and_2_with_dataset_expressions to None, run_after=None
[2025-05-02T19:50:57.060+0000] {logging_mixin.py:188} INFO - [2025-05-02T19:50:57.060+0000] {dag.py:3954} INFO - Setting next_dagrun for consume_1_or_2_with_dataset_expressions to None, run_after=None
[2025-05-02T19:50:57.063+0000] {logging_mixin.py:188} INFO - [2025-05-02T19:50:57.063+0000] {dag.py:3954} INFO - Setting next_dagrun for consume_1_or_both_2_and_3_with_dataset_expressions to None, run_after=None
[2025-05-02T19:50:57.066+0000] {logging_mixin.py:188} INFO - [2025-05-02T19:50:57.065+0000] {dag.py:3954} INFO - Setting next_dagrun for dataset_consumes_1 to None, run_after=None
[2025-05-02T19:50:57.068+0000] {logging_mixin.py:188} INFO - [2025-05-02T19:50:57.068+0000] {dag.py:3954} INFO - Setting next_dagrun for dataset_consumes_1_and_2 to None, run_after=None
[2025-05-02T19:50:57.070+0000] {logging_mixin.py:188} INFO - [2025-05-02T19:50:57.070+0000] {dag.py:3954} INFO - Setting next_dagrun for dataset_consumes_1_never_scheduled to None, run_after=None
[2025-05-02T19:50:57.072+0000] {logging_mixin.py:188} INFO - [2025-05-02T19:50:57.072+0000] {dag.py:3954} INFO - Setting next_dagrun for dataset_consumes_unknown_never_scheduled to None, run_after=None
[2025-05-02T19:50:57.077+0000] {logging_mixin.py:188} INFO - [2025-05-02T19:50:57.077+0000] {dag.py:3954} INFO - Setting next_dagrun for dataset_produces_1 to 2025-05-01 00:00:00+00:00, run_after=2025-05-02 00:00:00+00:00
[2025-05-02T19:50:57.080+0000] {logging_mixin.py:188} INFO - [2025-05-02T19:50:57.079+0000] {dag.py:3954} INFO - Setting next_dagrun for dataset_produces_2 to None, run_after=None
[2025-05-02T19:50:57.152+0000] {processor.py:183} INFO - Processing /home/airflow/.local/lib/python3.12/site-packages/airflow/example_dags/example_datasets.py took 1.030 seconds
[2025-05-02T19:51:27.638+0000] {processor.py:161} INFO - Started process (PID=2672) to work on /home/airflow/.local/lib/python3.12/site-packages/airflow/example_dags/example_datasets.py
[2025-05-02T19:51:27.650+0000] {processor.py:830} INFO - Processing file /home/airflow/.local/lib/python3.12/site-packages/airflow/example_dags/example_datasets.py for tasks to queue
[2025-05-02T19:51:27.664+0000] {logging_mixin.py:188} INFO - [2025-05-02T19:51:27.662+0000] {dagbag.py:540} INFO - Filling up the DagBag from /home/airflow/.local/lib/python3.12/site-packages/airflow/example_dags/example_datasets.py
[2025-05-02T19:51:28.395+0000] {processor.py:840} INFO - DAG(s) 'consume_1_or_2_with_dataset_expressions', 'dataset_consumes_1_and_2', 'conditional_dataset_and_time_based_timetable', 'dataset_consumes_unknown_never_scheduled', 'dataset_produces_1', 'consume_1_or_both_2_and_3_with_dataset_expressions', 'dataset_produces_2', 'dataset_consumes_1_never_scheduled', 'dataset_consumes_1', 'consume_1_and_2_with_dataset_expressions' retrieved from /home/airflow/.local/lib/python3.12/site-packages/airflow/example_dags/example_datasets.py
[2025-05-02T19:51:28.585+0000] {logging_mixin.py:188} INFO - [2025-05-02T19:51:28.584+0000] {dag.py:3096} INFO - Sync 10 DAGs
[2025-05-02T19:51:28.634+0000] {logging_mixin.py:188} INFO - [2025-05-02T19:51:28.633+0000] {dag.py:3954} INFO - Setting next_dagrun for conditional_dataset_and_time_based_timetable to 2025-04-30 01:00:00+00:00, run_after=2025-04-30 01:00:00+00:00
[2025-05-02T19:51:28.645+0000] {logging_mixin.py:188} INFO - [2025-05-02T19:51:28.644+0000] {dag.py:3954} INFO - Setting next_dagrun for consume_1_and_2_with_dataset_expressions to None, run_after=None
[2025-05-02T19:51:28.654+0000] {logging_mixin.py:188} INFO - [2025-05-02T19:51:28.653+0000] {dag.py:3954} INFO - Setting next_dagrun for consume_1_or_2_with_dataset_expressions to None, run_after=None
[2025-05-02T19:51:28.656+0000] {logging_mixin.py:188} INFO - [2025-05-02T19:51:28.656+0000] {dag.py:3954} INFO - Setting next_dagrun for consume_1_or_both_2_and_3_with_dataset_expressions to None, run_after=None
[2025-05-02T19:51:28.659+0000] {logging_mixin.py:188} INFO - [2025-05-02T19:51:28.659+0000] {dag.py:3954} INFO - Setting next_dagrun for dataset_consumes_1 to None, run_after=None
[2025-05-02T19:51:28.662+0000] {logging_mixin.py:188} INFO - [2025-05-02T19:51:28.661+0000] {dag.py:3954} INFO - Setting next_dagrun for dataset_consumes_1_and_2 to None, run_after=None
[2025-05-02T19:51:28.664+0000] {logging_mixin.py:188} INFO - [2025-05-02T19:51:28.664+0000] {dag.py:3954} INFO - Setting next_dagrun for dataset_consumes_1_never_scheduled to None, run_after=None
[2025-05-02T19:51:28.666+0000] {logging_mixin.py:188} INFO - [2025-05-02T19:51:28.666+0000] {dag.py:3954} INFO - Setting next_dagrun for dataset_consumes_unknown_never_scheduled to None, run_after=None
[2025-05-02T19:51:28.670+0000] {logging_mixin.py:188} INFO - [2025-05-02T19:51:28.670+0000] {dag.py:3954} INFO - Setting next_dagrun for dataset_produces_1 to 2025-05-01 00:00:00+00:00, run_after=2025-05-02 00:00:00+00:00
[2025-05-02T19:51:28.674+0000] {logging_mixin.py:188} INFO - [2025-05-02T19:51:28.674+0000] {dag.py:3954} INFO - Setting next_dagrun for dataset_produces_2 to None, run_after=None
[2025-05-02T19:51:28.790+0000] {processor.py:183} INFO - Processing /home/airflow/.local/lib/python3.12/site-packages/airflow/example_dags/example_datasets.py took 1.187 seconds
[2025-05-02T19:51:58.984+0000] {processor.py:161} INFO - Started process (PID=2752) to work on /home/airflow/.local/lib/python3.12/site-packages/airflow/example_dags/example_datasets.py
[2025-05-02T19:51:58.985+0000] {processor.py:830} INFO - Processing file /home/airflow/.local/lib/python3.12/site-packages/airflow/example_dags/example_datasets.py for tasks to queue
[2025-05-02T19:51:58.987+0000] {logging_mixin.py:188} INFO - [2025-05-02T19:51:58.987+0000] {dagbag.py:540} INFO - Filling up the DagBag from /home/airflow/.local/lib/python3.12/site-packages/airflow/example_dags/example_datasets.py
[2025-05-02T19:51:59.228+0000] {processor.py:840} INFO - DAG(s) 'consume_1_or_2_with_dataset_expressions', 'dataset_consumes_1', 'dataset_consumes_1_and_2', 'conditional_dataset_and_time_based_timetable', 'consume_1_or_both_2_and_3_with_dataset_expressions', 'consume_1_and_2_with_dataset_expressions', 'dataset_consumes_unknown_never_scheduled', 'dataset_produces_1', 'dataset_produces_2', 'dataset_consumes_1_never_scheduled' retrieved from /home/airflow/.local/lib/python3.12/site-packages/airflow/example_dags/example_datasets.py
[2025-05-02T19:51:59.263+0000] {logging_mixin.py:188} INFO - [2025-05-02T19:51:59.263+0000] {dag.py:3096} INFO - Sync 10 DAGs
[2025-05-02T19:51:59.282+0000] {logging_mixin.py:188} INFO - [2025-05-02T19:51:59.282+0000] {dag.py:3954} INFO - Setting next_dagrun for conditional_dataset_and_time_based_timetable to 2025-04-30 01:00:00+00:00, run_after=2025-04-30 01:00:00+00:00
[2025-05-02T19:51:59.285+0000] {logging_mixin.py:188} INFO - [2025-05-02T19:51:59.285+0000] {dag.py:3954} INFO - Setting next_dagrun for consume_1_and_2_with_dataset_expressions to None, run_after=None
[2025-05-02T19:51:59.286+0000] {logging_mixin.py:188} INFO - [2025-05-02T19:51:59.286+0000] {dag.py:3954} INFO - Setting next_dagrun for consume_1_or_2_with_dataset_expressions to None, run_after=None
[2025-05-02T19:51:59.287+0000] {logging_mixin.py:188} INFO - [2025-05-02T19:51:59.286+0000] {dag.py:3954} INFO - Setting next_dagrun for consume_1_or_both_2_and_3_with_dataset_expressions to None, run_after=None
[2025-05-02T19:51:59.287+0000] {logging_mixin.py:188} INFO - [2025-05-02T19:51:59.287+0000] {dag.py:3954} INFO - Setting next_dagrun for dataset_consumes_1 to None, run_after=None
[2025-05-02T19:51:59.288+0000] {logging_mixin.py:188} INFO - [2025-05-02T19:51:59.288+0000] {dag.py:3954} INFO - Setting next_dagrun for dataset_consumes_1_and_2 to None, run_after=None
[2025-05-02T19:51:59.289+0000] {logging_mixin.py:188} INFO - [2025-05-02T19:51:59.289+0000] {dag.py:3954} INFO - Setting next_dagrun for dataset_consumes_1_never_scheduled to None, run_after=None
[2025-05-02T19:51:59.290+0000] {logging_mixin.py:188} INFO - [2025-05-02T19:51:59.290+0000] {dag.py:3954} INFO - Setting next_dagrun for dataset_consumes_unknown_never_scheduled to None, run_after=None
[2025-05-02T19:51:59.291+0000] {logging_mixin.py:188} INFO - [2025-05-02T19:51:59.291+0000] {dag.py:3954} INFO - Setting next_dagrun for dataset_produces_1 to 2025-05-01 00:00:00+00:00, run_after=2025-05-02 00:00:00+00:00
[2025-05-02T19:51:59.292+0000] {logging_mixin.py:188} INFO - [2025-05-02T19:51:59.292+0000] {dag.py:3954} INFO - Setting next_dagrun for dataset_produces_2 to None, run_after=None
[2025-05-02T19:51:59.322+0000] {processor.py:183} INFO - Processing /home/airflow/.local/lib/python3.12/site-packages/airflow/example_dags/example_datasets.py took 0.345 seconds
[2025-05-02T19:52:29.421+0000] {processor.py:161} INFO - Started process (PID=2847) to work on /home/airflow/.local/lib/python3.12/site-packages/airflow/example_dags/example_datasets.py
[2025-05-02T19:52:29.424+0000] {processor.py:830} INFO - Processing file /home/airflow/.local/lib/python3.12/site-packages/airflow/example_dags/example_datasets.py for tasks to queue
[2025-05-02T19:52:29.433+0000] {logging_mixin.py:188} INFO - [2025-05-02T19:52:29.433+0000] {dagbag.py:540} INFO - Filling up the DagBag from /home/airflow/.local/lib/python3.12/site-packages/airflow/example_dags/example_datasets.py
[2025-05-02T19:52:29.896+0000] {processor.py:840} INFO - DAG(s) 'consume_1_or_both_2_and_3_with_dataset_expressions', 'consume_1_or_2_with_dataset_expressions', 'dataset_produces_2', 'dataset_consumes_1', 'conditional_dataset_and_time_based_timetable', 'dataset_consumes_1_and_2', 'consume_1_and_2_with_dataset_expressions', 'dataset_consumes_unknown_never_scheduled', 'dataset_produces_1', 'dataset_consumes_1_never_scheduled' retrieved from /home/airflow/.local/lib/python3.12/site-packages/airflow/example_dags/example_datasets.py
[2025-05-02T19:52:30.133+0000] {logging_mixin.py:188} INFO - [2025-05-02T19:52:30.133+0000] {dag.py:3096} INFO - Sync 10 DAGs
[2025-05-02T19:52:30.228+0000] {logging_mixin.py:188} INFO - [2025-05-02T19:52:30.227+0000] {dag.py:3954} INFO - Setting next_dagrun for conditional_dataset_and_time_based_timetable to 2025-04-30 01:00:00+00:00, run_after=2025-04-30 01:00:00+00:00
[2025-05-02T19:52:30.251+0000] {logging_mixin.py:188} INFO - [2025-05-02T19:52:30.250+0000] {dag.py:3954} INFO - Setting next_dagrun for consume_1_and_2_with_dataset_expressions to None, run_after=None
[2025-05-02T19:52:30.256+0000] {logging_mixin.py:188} INFO - [2025-05-02T19:52:30.255+0000] {dag.py:3954} INFO - Setting next_dagrun for consume_1_or_2_with_dataset_expressions to None, run_after=None
[2025-05-02T19:52:30.258+0000] {logging_mixin.py:188} INFO - [2025-05-02T19:52:30.258+0000] {dag.py:3954} INFO - Setting next_dagrun for consume_1_or_both_2_and_3_with_dataset_expressions to None, run_after=None
[2025-05-02T19:52:30.262+0000] {logging_mixin.py:188} INFO - [2025-05-02T19:52:30.262+0000] {dag.py:3954} INFO - Setting next_dagrun for dataset_consumes_1 to None, run_after=None
[2025-05-02T19:52:30.265+0000] {logging_mixin.py:188} INFO - [2025-05-02T19:52:30.264+0000] {dag.py:3954} INFO - Setting next_dagrun for dataset_consumes_1_and_2 to None, run_after=None
[2025-05-02T19:52:30.267+0000] {logging_mixin.py:188} INFO - [2025-05-02T19:52:30.267+0000] {dag.py:3954} INFO - Setting next_dagrun for dataset_consumes_1_never_scheduled to None, run_after=None
[2025-05-02T19:52:30.272+0000] {logging_mixin.py:188} INFO - [2025-05-02T19:52:30.272+0000] {dag.py:3954} INFO - Setting next_dagrun for dataset_consumes_unknown_never_scheduled to None, run_after=None
[2025-05-02T19:52:30.291+0000] {logging_mixin.py:188} INFO - [2025-05-02T19:52:30.290+0000] {dag.py:3954} INFO - Setting next_dagrun for dataset_produces_1 to 2025-05-01 00:00:00+00:00, run_after=2025-05-02 00:00:00+00:00
[2025-05-02T19:52:30.295+0000] {logging_mixin.py:188} INFO - [2025-05-02T19:52:30.295+0000] {dag.py:3954} INFO - Setting next_dagrun for dataset_produces_2 to None, run_after=None
[2025-05-02T19:52:30.462+0000] {processor.py:183} INFO - Processing /home/airflow/.local/lib/python3.12/site-packages/airflow/example_dags/example_datasets.py took 1.082 seconds
[2025-05-02T19:53:00.701+0000] {processor.py:161} INFO - Started process (PID=2949) to work on /home/airflow/.local/lib/python3.12/site-packages/airflow/example_dags/example_datasets.py
[2025-05-02T19:53:00.703+0000] {processor.py:830} INFO - Processing file /home/airflow/.local/lib/python3.12/site-packages/airflow/example_dags/example_datasets.py for tasks to queue
[2025-05-02T19:53:00.706+0000] {logging_mixin.py:188} INFO - [2025-05-02T19:53:00.705+0000] {dagbag.py:540} INFO - Filling up the DagBag from /home/airflow/.local/lib/python3.12/site-packages/airflow/example_dags/example_datasets.py
[2025-05-02T19:53:01.081+0000] {processor.py:840} INFO - DAG(s) 'consume_1_or_both_2_and_3_with_dataset_expressions', 'dataset_consumes_1_and_2', 'dataset_produces_1', 'consume_1_and_2_with_dataset_expressions', 'conditional_dataset_and_time_based_timetable', 'consume_1_or_2_with_dataset_expressions', 'dataset_consumes_1', 'dataset_consumes_1_never_scheduled', 'dataset_produces_2', 'dataset_consumes_unknown_never_scheduled' retrieved from /home/airflow/.local/lib/python3.12/site-packages/airflow/example_dags/example_datasets.py
[2025-05-02T19:53:01.218+0000] {logging_mixin.py:188} INFO - [2025-05-02T19:53:01.217+0000] {dag.py:3096} INFO - Sync 10 DAGs
[2025-05-02T19:53:01.276+0000] {logging_mixin.py:188} INFO - [2025-05-02T19:53:01.275+0000] {dag.py:3954} INFO - Setting next_dagrun for conditional_dataset_and_time_based_timetable to 2025-04-30 01:00:00+00:00, run_after=2025-04-30 01:00:00+00:00
[2025-05-02T19:53:01.283+0000] {logging_mixin.py:188} INFO - [2025-05-02T19:53:01.283+0000] {dag.py:3954} INFO - Setting next_dagrun for consume_1_and_2_with_dataset_expressions to None, run_after=None
[2025-05-02T19:53:01.286+0000] {logging_mixin.py:188} INFO - [2025-05-02T19:53:01.285+0000] {dag.py:3954} INFO - Setting next_dagrun for consume_1_or_2_with_dataset_expressions to None, run_after=None
[2025-05-02T19:53:01.288+0000] {logging_mixin.py:188} INFO - [2025-05-02T19:53:01.288+0000] {dag.py:3954} INFO - Setting next_dagrun for consume_1_or_both_2_and_3_with_dataset_expressions to None, run_after=None
[2025-05-02T19:53:01.290+0000] {logging_mixin.py:188} INFO - [2025-05-02T19:53:01.290+0000] {dag.py:3954} INFO - Setting next_dagrun for dataset_consumes_1 to None, run_after=None
[2025-05-02T19:53:01.293+0000] {logging_mixin.py:188} INFO - [2025-05-02T19:53:01.292+0000] {dag.py:3954} INFO - Setting next_dagrun for dataset_consumes_1_and_2 to None, run_after=None
[2025-05-02T19:53:01.295+0000] {logging_mixin.py:188} INFO - [2025-05-02T19:53:01.294+0000] {dag.py:3954} INFO - Setting next_dagrun for dataset_consumes_1_never_scheduled to None, run_after=None
[2025-05-02T19:53:01.297+0000] {logging_mixin.py:188} INFO - [2025-05-02T19:53:01.297+0000] {dag.py:3954} INFO - Setting next_dagrun for dataset_consumes_unknown_never_scheduled to None, run_after=None
[2025-05-02T19:53:01.302+0000] {logging_mixin.py:188} INFO - [2025-05-02T19:53:01.301+0000] {dag.py:3954} INFO - Setting next_dagrun for dataset_produces_1 to 2025-05-01 00:00:00+00:00, run_after=2025-05-02 00:00:00+00:00
[2025-05-02T19:53:01.304+0000] {logging_mixin.py:188} INFO - [2025-05-02T19:53:01.304+0000] {dag.py:3954} INFO - Setting next_dagrun for dataset_produces_2 to None, run_after=None
[2025-05-02T19:53:01.417+0000] {processor.py:183} INFO - Processing /home/airflow/.local/lib/python3.12/site-packages/airflow/example_dags/example_datasets.py took 0.729 seconds
[2025-05-02T19:53:31.550+0000] {processor.py:161} INFO - Started process (PID=3038) to work on /home/airflow/.local/lib/python3.12/site-packages/airflow/example_dags/example_datasets.py
[2025-05-02T19:53:31.551+0000] {processor.py:830} INFO - Processing file /home/airflow/.local/lib/python3.12/site-packages/airflow/example_dags/example_datasets.py for tasks to queue
[2025-05-02T19:53:31.565+0000] {logging_mixin.py:188} INFO - [2025-05-02T19:53:31.564+0000] {dagbag.py:540} INFO - Filling up the DagBag from /home/airflow/.local/lib/python3.12/site-packages/airflow/example_dags/example_datasets.py
[2025-05-02T19:53:32.194+0000] {processor.py:840} INFO - DAG(s) 'dataset_consumes_1_and_2', 'conditional_dataset_and_time_based_timetable', 'dataset_produces_1', 'consume_1_or_both_2_and_3_with_dataset_expressions', 'consume_1_or_2_with_dataset_expressions', 'dataset_consumes_1', 'dataset_consumes_unknown_never_scheduled', 'dataset_produces_2', 'dataset_consumes_1_never_scheduled', 'consume_1_and_2_with_dataset_expressions' retrieved from /home/airflow/.local/lib/python3.12/site-packages/airflow/example_dags/example_datasets.py
[2025-05-02T19:53:32.491+0000] {logging_mixin.py:188} INFO - [2025-05-02T19:53:32.491+0000] {dag.py:3096} INFO - Sync 10 DAGs
[2025-05-02T19:53:32.604+0000] {logging_mixin.py:188} INFO - [2025-05-02T19:53:32.604+0000] {dag.py:3954} INFO - Setting next_dagrun for conditional_dataset_and_time_based_timetable to 2025-04-30 01:00:00+00:00, run_after=2025-04-30 01:00:00+00:00
[2025-05-02T19:53:32.613+0000] {logging_mixin.py:188} INFO - [2025-05-02T19:53:32.612+0000] {dag.py:3954} INFO - Setting next_dagrun for consume_1_and_2_with_dataset_expressions to None, run_after=None
[2025-05-02T19:53:32.615+0000] {logging_mixin.py:188} INFO - [2025-05-02T19:53:32.615+0000] {dag.py:3954} INFO - Setting next_dagrun for consume_1_or_2_with_dataset_expressions to None, run_after=None
[2025-05-02T19:53:32.619+0000] {logging_mixin.py:188} INFO - [2025-05-02T19:53:32.619+0000] {dag.py:3954} INFO - Setting next_dagrun for consume_1_or_both_2_and_3_with_dataset_expressions to None, run_after=None
[2025-05-02T19:53:32.622+0000] {logging_mixin.py:188} INFO - [2025-05-02T19:53:32.622+0000] {dag.py:3954} INFO - Setting next_dagrun for dataset_consumes_1 to None, run_after=None
[2025-05-02T19:53:32.626+0000] {logging_mixin.py:188} INFO - [2025-05-02T19:53:32.625+0000] {dag.py:3954} INFO - Setting next_dagrun for dataset_consumes_1_and_2 to None, run_after=None
[2025-05-02T19:53:32.633+0000] {logging_mixin.py:188} INFO - [2025-05-02T19:53:32.628+0000] {dag.py:3954} INFO - Setting next_dagrun for dataset_consumes_1_never_scheduled to None, run_after=None
[2025-05-02T19:53:32.635+0000] {logging_mixin.py:188} INFO - [2025-05-02T19:53:32.635+0000] {dag.py:3954} INFO - Setting next_dagrun for dataset_consumes_unknown_never_scheduled to None, run_after=None
[2025-05-02T19:53:32.640+0000] {logging_mixin.py:188} INFO - [2025-05-02T19:53:32.639+0000] {dag.py:3954} INFO - Setting next_dagrun for dataset_produces_1 to 2025-05-01 00:00:00+00:00, run_after=2025-05-02 00:00:00+00:00
[2025-05-02T19:53:32.651+0000] {logging_mixin.py:188} INFO - [2025-05-02T19:53:32.648+0000] {dag.py:3954} INFO - Setting next_dagrun for dataset_produces_2 to None, run_after=None
[2025-05-02T19:53:32.822+0000] {processor.py:183} INFO - Processing /home/airflow/.local/lib/python3.12/site-packages/airflow/example_dags/example_datasets.py took 1.303 seconds
[2025-05-02T19:54:03.623+0000] {processor.py:161} INFO - Started process (PID=3141) to work on /home/airflow/.local/lib/python3.12/site-packages/airflow/example_dags/example_datasets.py
[2025-05-02T19:54:03.626+0000] {processor.py:830} INFO - Processing file /home/airflow/.local/lib/python3.12/site-packages/airflow/example_dags/example_datasets.py for tasks to queue
[2025-05-02T19:54:03.629+0000] {logging_mixin.py:188} INFO - [2025-05-02T19:54:03.628+0000] {dagbag.py:540} INFO - Filling up the DagBag from /home/airflow/.local/lib/python3.12/site-packages/airflow/example_dags/example_datasets.py
[2025-05-02T19:54:04.020+0000] {processor.py:840} INFO - DAG(s) 'conditional_dataset_and_time_based_timetable', 'dataset_consumes_unknown_never_scheduled', 'dataset_consumes_1_and_2', 'dataset_consumes_1_never_scheduled', 'dataset_consumes_1', 'dataset_produces_2', 'consume_1_and_2_with_dataset_expressions', 'dataset_produces_1', 'consume_1_or_both_2_and_3_with_dataset_expressions', 'consume_1_or_2_with_dataset_expressions' retrieved from /home/airflow/.local/lib/python3.12/site-packages/airflow/example_dags/example_datasets.py
[2025-05-02T19:54:04.094+0000] {logging_mixin.py:188} INFO - [2025-05-02T19:54:04.094+0000] {dag.py:3096} INFO - Sync 10 DAGs
[2025-05-02T19:54:04.136+0000] {logging_mixin.py:188} INFO - [2025-05-02T19:54:04.136+0000] {dag.py:3954} INFO - Setting next_dagrun for conditional_dataset_and_time_based_timetable to 2025-04-30 01:00:00+00:00, run_after=2025-04-30 01:00:00+00:00
[2025-05-02T19:54:04.143+0000] {logging_mixin.py:188} INFO - [2025-05-02T19:54:04.142+0000] {dag.py:3954} INFO - Setting next_dagrun for consume_1_and_2_with_dataset_expressions to None, run_after=None
[2025-05-02T19:54:04.145+0000] {logging_mixin.py:188} INFO - [2025-05-02T19:54:04.145+0000] {dag.py:3954} INFO - Setting next_dagrun for consume_1_or_2_with_dataset_expressions to None, run_after=None
[2025-05-02T19:54:04.147+0000] {logging_mixin.py:188} INFO - [2025-05-02T19:54:04.146+0000] {dag.py:3954} INFO - Setting next_dagrun for consume_1_or_both_2_and_3_with_dataset_expressions to None, run_after=None
[2025-05-02T19:54:04.149+0000] {logging_mixin.py:188} INFO - [2025-05-02T19:54:04.148+0000] {dag.py:3954} INFO - Setting next_dagrun for dataset_consumes_1 to None, run_after=None
[2025-05-02T19:54:04.151+0000] {logging_mixin.py:188} INFO - [2025-05-02T19:54:04.151+0000] {dag.py:3954} INFO - Setting next_dagrun for dataset_consumes_1_and_2 to None, run_after=None
[2025-05-02T19:54:04.153+0000] {logging_mixin.py:188} INFO - [2025-05-02T19:54:04.153+0000] {dag.py:3954} INFO - Setting next_dagrun for dataset_consumes_1_never_scheduled to None, run_after=None
[2025-05-02T19:54:04.155+0000] {logging_mixin.py:188} INFO - [2025-05-02T19:54:04.155+0000] {dag.py:3954} INFO - Setting next_dagrun for dataset_consumes_unknown_never_scheduled to None, run_after=None
[2025-05-02T19:54:04.158+0000] {logging_mixin.py:188} INFO - [2025-05-02T19:54:04.158+0000] {dag.py:3954} INFO - Setting next_dagrun for dataset_produces_1 to 2025-05-01 00:00:00+00:00, run_after=2025-05-02 00:00:00+00:00
[2025-05-02T19:54:04.160+0000] {logging_mixin.py:188} INFO - [2025-05-02T19:54:04.160+0000] {dag.py:3954} INFO - Setting next_dagrun for dataset_produces_2 to None, run_after=None
[2025-05-02T19:54:04.213+0000] {processor.py:183} INFO - Processing /home/airflow/.local/lib/python3.12/site-packages/airflow/example_dags/example_datasets.py took 0.602 seconds
[2025-05-02T19:54:34.307+0000] {processor.py:161} INFO - Started process (PID=3249) to work on /home/airflow/.local/lib/python3.12/site-packages/airflow/example_dags/example_datasets.py
[2025-05-02T19:54:34.309+0000] {processor.py:830} INFO - Processing file /home/airflow/.local/lib/python3.12/site-packages/airflow/example_dags/example_datasets.py for tasks to queue
[2025-05-02T19:54:34.313+0000] {logging_mixin.py:188} INFO - [2025-05-02T19:54:34.312+0000] {dagbag.py:540} INFO - Filling up the DagBag from /home/airflow/.local/lib/python3.12/site-packages/airflow/example_dags/example_datasets.py
[2025-05-02T19:54:34.807+0000] {processor.py:840} INFO - DAG(s) 'consume_1_and_2_with_dataset_expressions', 'dataset_produces_1', 'consume_1_or_2_with_dataset_expressions', 'dataset_produces_2', 'dataset_consumes_unknown_never_scheduled', 'consume_1_or_both_2_and_3_with_dataset_expressions', 'dataset_consumes_1', 'dataset_consumes_1_never_scheduled', 'dataset_consumes_1_and_2', 'conditional_dataset_and_time_based_timetable' retrieved from /home/airflow/.local/lib/python3.12/site-packages/airflow/example_dags/example_datasets.py
[2025-05-02T19:54:34.908+0000] {logging_mixin.py:188} INFO - [2025-05-02T19:54:34.907+0000] {dag.py:3096} INFO - Sync 10 DAGs
[2025-05-02T19:54:34.962+0000] {logging_mixin.py:188} INFO - [2025-05-02T19:54:34.962+0000] {dag.py:3954} INFO - Setting next_dagrun for conditional_dataset_and_time_based_timetable to 2025-04-30 01:00:00+00:00, run_after=2025-04-30 01:00:00+00:00
[2025-05-02T19:54:34.969+0000] {logging_mixin.py:188} INFO - [2025-05-02T19:54:34.969+0000] {dag.py:3954} INFO - Setting next_dagrun for consume_1_and_2_with_dataset_expressions to None, run_after=None
[2025-05-02T19:54:34.972+0000] {logging_mixin.py:188} INFO - [2025-05-02T19:54:34.972+0000] {dag.py:3954} INFO - Setting next_dagrun for consume_1_or_2_with_dataset_expressions to None, run_after=None
[2025-05-02T19:54:34.974+0000] {logging_mixin.py:188} INFO - [2025-05-02T19:54:34.974+0000] {dag.py:3954} INFO - Setting next_dagrun for consume_1_or_both_2_and_3_with_dataset_expressions to None, run_after=None
[2025-05-02T19:54:34.977+0000] {logging_mixin.py:188} INFO - [2025-05-02T19:54:34.977+0000] {dag.py:3954} INFO - Setting next_dagrun for dataset_consumes_1 to None, run_after=None
[2025-05-02T19:54:34.980+0000] {logging_mixin.py:188} INFO - [2025-05-02T19:54:34.980+0000] {dag.py:3954} INFO - Setting next_dagrun for dataset_consumes_1_and_2 to None, run_after=None
[2025-05-02T19:54:34.982+0000] {logging_mixin.py:188} INFO - [2025-05-02T19:54:34.982+0000] {dag.py:3954} INFO - Setting next_dagrun for dataset_consumes_1_never_scheduled to None, run_after=None
[2025-05-02T19:54:34.984+0000] {logging_mixin.py:188} INFO - [2025-05-02T19:54:34.984+0000] {dag.py:3954} INFO - Setting next_dagrun for dataset_consumes_unknown_never_scheduled to None, run_after=None
[2025-05-02T19:54:34.990+0000] {logging_mixin.py:188} INFO - [2025-05-02T19:54:34.990+0000] {dag.py:3954} INFO - Setting next_dagrun for dataset_produces_1 to 2025-05-01 00:00:00+00:00, run_after=2025-05-02 00:00:00+00:00
[2025-05-02T19:54:34.993+0000] {logging_mixin.py:188} INFO - [2025-05-02T19:54:34.992+0000] {dag.py:3954} INFO - Setting next_dagrun for dataset_produces_2 to None, run_after=None
[2025-05-02T19:54:35.100+0000] {processor.py:183} INFO - Processing /home/airflow/.local/lib/python3.12/site-packages/airflow/example_dags/example_datasets.py took 0.808 seconds
[2025-05-02T19:55:07.881+0000] {processor.py:161} INFO - Started process (PID=3332) to work on /home/airflow/.local/lib/python3.12/site-packages/airflow/example_dags/example_datasets.py
[2025-05-02T19:55:07.894+0000] {processor.py:830} INFO - Processing file /home/airflow/.local/lib/python3.12/site-packages/airflow/example_dags/example_datasets.py for tasks to queue
[2025-05-02T19:55:07.899+0000] {logging_mixin.py:188} INFO - [2025-05-02T19:55:07.898+0000] {dagbag.py:540} INFO - Filling up the DagBag from /home/airflow/.local/lib/python3.12/site-packages/airflow/example_dags/example_datasets.py
[2025-05-02T19:55:08.369+0000] {processor.py:840} INFO - DAG(s) 'dataset_produces_2', 'consume_1_and_2_with_dataset_expressions', 'dataset_consumes_1_and_2', 'consume_1_or_both_2_and_3_with_dataset_expressions', 'consume_1_or_2_with_dataset_expressions', 'dataset_consumes_1', 'dataset_consumes_1_never_scheduled', 'conditional_dataset_and_time_based_timetable', 'dataset_produces_1', 'dataset_consumes_unknown_never_scheduled' retrieved from /home/airflow/.local/lib/python3.12/site-packages/airflow/example_dags/example_datasets.py
[2025-05-02T19:55:08.547+0000] {logging_mixin.py:188} INFO - [2025-05-02T19:55:08.547+0000] {dag.py:3096} INFO - Sync 10 DAGs
[2025-05-02T19:55:08.611+0000] {logging_mixin.py:188} INFO - [2025-05-02T19:55:08.610+0000] {dag.py:3954} INFO - Setting next_dagrun for conditional_dataset_and_time_based_timetable to 2025-04-30 01:00:00+00:00, run_after=2025-04-30 01:00:00+00:00
[2025-05-02T19:55:08.618+0000] {logging_mixin.py:188} INFO - [2025-05-02T19:55:08.618+0000] {dag.py:3954} INFO - Setting next_dagrun for consume_1_and_2_with_dataset_expressions to None, run_after=None
[2025-05-02T19:55:08.621+0000] {logging_mixin.py:188} INFO - [2025-05-02T19:55:08.621+0000] {dag.py:3954} INFO - Setting next_dagrun for consume_1_or_2_with_dataset_expressions to None, run_after=None
[2025-05-02T19:55:08.624+0000] {logging_mixin.py:188} INFO - [2025-05-02T19:55:08.624+0000] {dag.py:3954} INFO - Setting next_dagrun for consume_1_or_both_2_and_3_with_dataset_expressions to None, run_after=None
[2025-05-02T19:55:08.627+0000] {logging_mixin.py:188} INFO - [2025-05-02T19:55:08.627+0000] {dag.py:3954} INFO - Setting next_dagrun for dataset_consumes_1 to None, run_after=None
[2025-05-02T19:55:08.629+0000] {logging_mixin.py:188} INFO - [2025-05-02T19:55:08.629+0000] {dag.py:3954} INFO - Setting next_dagrun for dataset_consumes_1_and_2 to None, run_after=None
[2025-05-02T19:55:08.631+0000] {logging_mixin.py:188} INFO - [2025-05-02T19:55:08.630+0000] {dag.py:3954} INFO - Setting next_dagrun for dataset_consumes_1_never_scheduled to None, run_after=None
[2025-05-02T19:55:08.633+0000] {logging_mixin.py:188} INFO - [2025-05-02T19:55:08.632+0000] {dag.py:3954} INFO - Setting next_dagrun for dataset_consumes_unknown_never_scheduled to None, run_after=None
[2025-05-02T19:55:08.657+0000] {logging_mixin.py:188} INFO - [2025-05-02T19:55:08.636+0000] {dag.py:3954} INFO - Setting next_dagrun for dataset_produces_1 to 2025-05-01 00:00:00+00:00, run_after=2025-05-02 00:00:00+00:00
[2025-05-02T19:55:08.660+0000] {logging_mixin.py:188} INFO - [2025-05-02T19:55:08.659+0000] {dag.py:3954} INFO - Setting next_dagrun for dataset_produces_2 to None, run_after=None
[2025-05-02T19:55:08.802+0000] {processor.py:183} INFO - Processing /home/airflow/.local/lib/python3.12/site-packages/airflow/example_dags/example_datasets.py took 0.973 seconds
[2025-05-02T19:55:42.628+0000] {processor.py:161} INFO - Started process (PID=3436) to work on /home/airflow/.local/lib/python3.12/site-packages/airflow/example_dags/example_datasets.py
[2025-05-02T19:55:42.634+0000] {processor.py:830} INFO - Processing file /home/airflow/.local/lib/python3.12/site-packages/airflow/example_dags/example_datasets.py for tasks to queue
[2025-05-02T19:55:42.638+0000] {logging_mixin.py:188} INFO - [2025-05-02T19:55:42.636+0000] {dagbag.py:540} INFO - Filling up the DagBag from /home/airflow/.local/lib/python3.12/site-packages/airflow/example_dags/example_datasets.py
[2025-05-02T19:55:43.150+0000] {processor.py:840} INFO - DAG(s) 'consume_1_and_2_with_dataset_expressions', 'dataset_consumes_unknown_never_scheduled', 'dataset_produces_1', 'dataset_consumes_1', 'dataset_consumes_1_and_2', 'consume_1_or_2_with_dataset_expressions', 'dataset_produces_2', 'conditional_dataset_and_time_based_timetable', 'consume_1_or_both_2_and_3_with_dataset_expressions', 'dataset_consumes_1_never_scheduled' retrieved from /home/airflow/.local/lib/python3.12/site-packages/airflow/example_dags/example_datasets.py
[2025-05-02T19:55:43.273+0000] {logging_mixin.py:188} INFO - [2025-05-02T19:55:43.272+0000] {dag.py:3096} INFO - Sync 10 DAGs
[2025-05-02T19:55:43.343+0000] {logging_mixin.py:188} INFO - [2025-05-02T19:55:43.343+0000] {dag.py:3954} INFO - Setting next_dagrun for conditional_dataset_and_time_based_timetable to 2025-04-30 01:00:00+00:00, run_after=2025-04-30 01:00:00+00:00
[2025-05-02T19:55:43.353+0000] {logging_mixin.py:188} INFO - [2025-05-02T19:55:43.353+0000] {dag.py:3954} INFO - Setting next_dagrun for consume_1_and_2_with_dataset_expressions to None, run_after=None
[2025-05-02T19:55:43.357+0000] {logging_mixin.py:188} INFO - [2025-05-02T19:55:43.356+0000] {dag.py:3954} INFO - Setting next_dagrun for consume_1_or_2_with_dataset_expressions to None, run_after=None
[2025-05-02T19:55:43.359+0000] {logging_mixin.py:188} INFO - [2025-05-02T19:55:43.359+0000] {dag.py:3954} INFO - Setting next_dagrun for consume_1_or_both_2_and_3_with_dataset_expressions to None, run_after=None
[2025-05-02T19:55:43.361+0000] {logging_mixin.py:188} INFO - [2025-05-02T19:55:43.361+0000] {dag.py:3954} INFO - Setting next_dagrun for dataset_consumes_1 to None, run_after=None
[2025-05-02T19:55:43.364+0000] {logging_mixin.py:188} INFO - [2025-05-02T19:55:43.363+0000] {dag.py:3954} INFO - Setting next_dagrun for dataset_consumes_1_and_2 to None, run_after=None
[2025-05-02T19:55:43.366+0000] {logging_mixin.py:188} INFO - [2025-05-02T19:55:43.366+0000] {dag.py:3954} INFO - Setting next_dagrun for dataset_consumes_1_never_scheduled to None, run_after=None
[2025-05-02T19:55:43.379+0000] {logging_mixin.py:188} INFO - [2025-05-02T19:55:43.379+0000] {dag.py:3954} INFO - Setting next_dagrun for dataset_consumes_unknown_never_scheduled to None, run_after=None
[2025-05-02T19:55:43.388+0000] {logging_mixin.py:188} INFO - [2025-05-02T19:55:43.388+0000] {dag.py:3954} INFO - Setting next_dagrun for dataset_produces_1 to 2025-05-01 00:00:00+00:00, run_after=2025-05-02 00:00:00+00:00
[2025-05-02T19:55:43.391+0000] {logging_mixin.py:188} INFO - [2025-05-02T19:55:43.391+0000] {dag.py:3954} INFO - Setting next_dagrun for dataset_produces_2 to None, run_after=None
[2025-05-02T19:55:43.491+0000] {processor.py:183} INFO - Processing /home/airflow/.local/lib/python3.12/site-packages/airflow/example_dags/example_datasets.py took 0.876 seconds
[2025-05-02T19:56:13.672+0000] {processor.py:161} INFO - Started process (PID=3530) to work on /home/airflow/.local/lib/python3.12/site-packages/airflow/example_dags/example_datasets.py
[2025-05-02T19:56:13.674+0000] {processor.py:830} INFO - Processing file /home/airflow/.local/lib/python3.12/site-packages/airflow/example_dags/example_datasets.py for tasks to queue
[2025-05-02T19:56:13.678+0000] {logging_mixin.py:188} INFO - [2025-05-02T19:56:13.677+0000] {dagbag.py:540} INFO - Filling up the DagBag from /home/airflow/.local/lib/python3.12/site-packages/airflow/example_dags/example_datasets.py
[2025-05-02T19:56:13.966+0000] {processor.py:840} INFO - DAG(s) 'dataset_consumes_1', 'dataset_consumes_1_and_2', 'dataset_produces_2', 'conditional_dataset_and_time_based_timetable', 'consume_1_and_2_with_dataset_expressions', 'consume_1_or_both_2_and_3_with_dataset_expressions', 'dataset_produces_1', 'consume_1_or_2_with_dataset_expressions', 'dataset_consumes_unknown_never_scheduled', 'dataset_consumes_1_never_scheduled' retrieved from /home/airflow/.local/lib/python3.12/site-packages/airflow/example_dags/example_datasets.py
[2025-05-02T19:56:14.067+0000] {logging_mixin.py:188} INFO - [2025-05-02T19:56:14.066+0000] {dag.py:3096} INFO - Sync 10 DAGs
[2025-05-02T19:56:14.120+0000] {logging_mixin.py:188} INFO - [2025-05-02T19:56:14.119+0000] {dag.py:3954} INFO - Setting next_dagrun for conditional_dataset_and_time_based_timetable to 2025-04-30 01:00:00+00:00, run_after=2025-04-30 01:00:00+00:00
[2025-05-02T19:56:14.127+0000] {logging_mixin.py:188} INFO - [2025-05-02T19:56:14.127+0000] {dag.py:3954} INFO - Setting next_dagrun for consume_1_and_2_with_dataset_expressions to None, run_after=None
[2025-05-02T19:56:14.130+0000] {logging_mixin.py:188} INFO - [2025-05-02T19:56:14.129+0000] {dag.py:3954} INFO - Setting next_dagrun for consume_1_or_2_with_dataset_expressions to None, run_after=None
[2025-05-02T19:56:14.132+0000] {logging_mixin.py:188} INFO - [2025-05-02T19:56:14.132+0000] {dag.py:3954} INFO - Setting next_dagrun for consume_1_or_both_2_and_3_with_dataset_expressions to None, run_after=None
[2025-05-02T19:56:14.134+0000] {logging_mixin.py:188} INFO - [2025-05-02T19:56:14.134+0000] {dag.py:3954} INFO - Setting next_dagrun for dataset_consumes_1 to None, run_after=None
[2025-05-02T19:56:14.137+0000] {logging_mixin.py:188} INFO - [2025-05-02T19:56:14.137+0000] {dag.py:3954} INFO - Setting next_dagrun for dataset_consumes_1_and_2 to None, run_after=None
[2025-05-02T19:56:14.140+0000] {logging_mixin.py:188} INFO - [2025-05-02T19:56:14.140+0000] {dag.py:3954} INFO - Setting next_dagrun for dataset_consumes_1_never_scheduled to None, run_after=None
[2025-05-02T19:56:14.143+0000] {logging_mixin.py:188} INFO - [2025-05-02T19:56:14.142+0000] {dag.py:3954} INFO - Setting next_dagrun for dataset_consumes_unknown_never_scheduled to None, run_after=None
[2025-05-02T19:56:14.150+0000] {logging_mixin.py:188} INFO - [2025-05-02T19:56:14.149+0000] {dag.py:3954} INFO - Setting next_dagrun for dataset_produces_1 to 2025-05-01 00:00:00+00:00, run_after=2025-05-02 00:00:00+00:00
[2025-05-02T19:56:14.155+0000] {logging_mixin.py:188} INFO - [2025-05-02T19:56:14.154+0000] {dag.py:3954} INFO - Setting next_dagrun for dataset_produces_2 to None, run_after=None
[2025-05-02T19:56:14.225+0000] {processor.py:183} INFO - Processing /home/airflow/.local/lib/python3.12/site-packages/airflow/example_dags/example_datasets.py took 0.585 seconds
[2025-05-02T19:56:44.880+0000] {processor.py:161} INFO - Started process (PID=3629) to work on /home/airflow/.local/lib/python3.12/site-packages/airflow/example_dags/example_datasets.py
[2025-05-02T19:56:44.884+0000] {processor.py:830} INFO - Processing file /home/airflow/.local/lib/python3.12/site-packages/airflow/example_dags/example_datasets.py for tasks to queue
[2025-05-02T19:56:44.896+0000] {logging_mixin.py:188} INFO - [2025-05-02T19:56:44.889+0000] {dagbag.py:540} INFO - Filling up the DagBag from /home/airflow/.local/lib/python3.12/site-packages/airflow/example_dags/example_datasets.py
[2025-05-02T19:56:45.383+0000] {processor.py:840} INFO - DAG(s) 'consume_1_and_2_with_dataset_expressions', 'dataset_consumes_1_and_2', 'dataset_produces_1', 'consume_1_or_2_with_dataset_expressions', 'dataset_consumes_unknown_never_scheduled', 'dataset_consumes_1', 'consume_1_or_both_2_and_3_with_dataset_expressions', 'dataset_consumes_1_never_scheduled', 'conditional_dataset_and_time_based_timetable', 'dataset_produces_2' retrieved from /home/airflow/.local/lib/python3.12/site-packages/airflow/example_dags/example_datasets.py
[2025-05-02T19:56:45.519+0000] {logging_mixin.py:188} INFO - [2025-05-02T19:56:45.519+0000] {dag.py:3096} INFO - Sync 10 DAGs
[2025-05-02T19:56:47.943+0000] {logging_mixin.py:188} INFO - [2025-05-02T19:56:47.942+0000] {dag.py:3954} INFO - Setting next_dagrun for conditional_dataset_and_time_based_timetable to 2025-04-30 01:00:00+00:00, run_after=2025-04-30 01:00:00+00:00
[2025-05-02T19:56:47.951+0000] {logging_mixin.py:188} INFO - [2025-05-02T19:56:47.950+0000] {dag.py:3954} INFO - Setting next_dagrun for consume_1_and_2_with_dataset_expressions to None, run_after=None
[2025-05-02T19:56:47.953+0000] {logging_mixin.py:188} INFO - [2025-05-02T19:56:47.953+0000] {dag.py:3954} INFO - Setting next_dagrun for consume_1_or_2_with_dataset_expressions to None, run_after=None
[2025-05-02T19:56:47.956+0000] {logging_mixin.py:188} INFO - [2025-05-02T19:56:47.955+0000] {dag.py:3954} INFO - Setting next_dagrun for consume_1_or_both_2_and_3_with_dataset_expressions to None, run_after=None
[2025-05-02T19:56:47.958+0000] {logging_mixin.py:188} INFO - [2025-05-02T19:56:47.958+0000] {dag.py:3954} INFO - Setting next_dagrun for dataset_consumes_1 to None, run_after=None
[2025-05-02T19:56:47.960+0000] {logging_mixin.py:188} INFO - [2025-05-02T19:56:47.960+0000] {dag.py:3954} INFO - Setting next_dagrun for dataset_consumes_1_and_2 to None, run_after=None
[2025-05-02T19:56:47.962+0000] {logging_mixin.py:188} INFO - [2025-05-02T19:56:47.962+0000] {dag.py:3954} INFO - Setting next_dagrun for dataset_consumes_1_never_scheduled to None, run_after=None
[2025-05-02T19:56:47.965+0000] {logging_mixin.py:188} INFO - [2025-05-02T19:56:47.964+0000] {dag.py:3954} INFO - Setting next_dagrun for dataset_consumes_unknown_never_scheduled to None, run_after=None
[2025-05-02T19:56:47.970+0000] {logging_mixin.py:188} INFO - [2025-05-02T19:56:47.969+0000] {dag.py:3954} INFO - Setting next_dagrun for dataset_produces_1 to 2025-05-01 00:00:00+00:00, run_after=2025-05-02 00:00:00+00:00
[2025-05-02T19:56:47.972+0000] {logging_mixin.py:188} INFO - [2025-05-02T19:56:47.972+0000] {dag.py:3954} INFO - Setting next_dagrun for dataset_produces_2 to None, run_after=None
[2025-05-02T19:56:48.112+0000] {processor.py:183} INFO - Processing /home/airflow/.local/lib/python3.12/site-packages/airflow/example_dags/example_datasets.py took 0.896 seconds
[2025-05-02T19:57:18.380+0000] {processor.py:161} INFO - Started process (PID=3727) to work on /home/airflow/.local/lib/python3.12/site-packages/airflow/example_dags/example_datasets.py
[2025-05-02T19:57:18.392+0000] {processor.py:830} INFO - Processing file /home/airflow/.local/lib/python3.12/site-packages/airflow/example_dags/example_datasets.py for tasks to queue
[2025-05-02T19:57:18.396+0000] {logging_mixin.py:188} INFO - [2025-05-02T19:57:18.395+0000] {dagbag.py:540} INFO - Filling up the DagBag from /home/airflow/.local/lib/python3.12/site-packages/airflow/example_dags/example_datasets.py
[2025-05-02T19:57:18.921+0000] {processor.py:840} INFO - DAG(s) 'consume_1_or_both_2_and_3_with_dataset_expressions', 'dataset_consumes_unknown_never_scheduled', 'dataset_produces_2', 'consume_1_or_2_with_dataset_expressions', 'consume_1_and_2_with_dataset_expressions', 'dataset_produces_1', 'dataset_consumes_1_never_scheduled', 'conditional_dataset_and_time_based_timetable', 'dataset_consumes_1_and_2', 'dataset_consumes_1' retrieved from /home/airflow/.local/lib/python3.12/site-packages/airflow/example_dags/example_datasets.py
[2025-05-02T19:57:19.044+0000] {logging_mixin.py:188} INFO - [2025-05-02T19:57:19.043+0000] {dag.py:3096} INFO - Sync 10 DAGs
[2025-05-02T19:57:19.096+0000] {logging_mixin.py:188} INFO - [2025-05-02T19:57:19.096+0000] {dag.py:3954} INFO - Setting next_dagrun for conditional_dataset_and_time_based_timetable to 2025-04-30 01:00:00+00:00, run_after=2025-04-30 01:00:00+00:00
[2025-05-02T19:57:19.105+0000] {logging_mixin.py:188} INFO - [2025-05-02T19:57:19.105+0000] {dag.py:3954} INFO - Setting next_dagrun for consume_1_and_2_with_dataset_expressions to None, run_after=None
[2025-05-02T19:57:19.108+0000] {logging_mixin.py:188} INFO - [2025-05-02T19:57:19.108+0000] {dag.py:3954} INFO - Setting next_dagrun for consume_1_or_2_with_dataset_expressions to None, run_after=None
[2025-05-02T19:57:19.113+0000] {logging_mixin.py:188} INFO - [2025-05-02T19:57:19.113+0000] {dag.py:3954} INFO - Setting next_dagrun for consume_1_or_both_2_and_3_with_dataset_expressions to None, run_after=None
[2025-05-02T19:57:19.116+0000] {logging_mixin.py:188} INFO - [2025-05-02T19:57:19.115+0000] {dag.py:3954} INFO - Setting next_dagrun for dataset_consumes_1 to None, run_after=None
[2025-05-02T19:57:19.118+0000] {logging_mixin.py:188} INFO - [2025-05-02T19:57:19.118+0000] {dag.py:3954} INFO - Setting next_dagrun for dataset_consumes_1_and_2 to None, run_after=None
[2025-05-02T19:57:19.120+0000] {logging_mixin.py:188} INFO - [2025-05-02T19:57:19.120+0000] {dag.py:3954} INFO - Setting next_dagrun for dataset_consumes_1_never_scheduled to None, run_after=None
[2025-05-02T19:57:19.124+0000] {logging_mixin.py:188} INFO - [2025-05-02T19:57:19.123+0000] {dag.py:3954} INFO - Setting next_dagrun for dataset_consumes_unknown_never_scheduled to None, run_after=None
[2025-05-02T19:57:19.129+0000] {logging_mixin.py:188} INFO - [2025-05-02T19:57:19.129+0000] {dag.py:3954} INFO - Setting next_dagrun for dataset_produces_1 to 2025-05-01 00:00:00+00:00, run_after=2025-05-02 00:00:00+00:00
[2025-05-02T19:57:19.132+0000] {logging_mixin.py:188} INFO - [2025-05-02T19:57:19.131+0000] {dag.py:3954} INFO - Setting next_dagrun for dataset_produces_2 to None, run_after=None
[2025-05-02T19:57:19.324+0000] {processor.py:183} INFO - Processing /home/airflow/.local/lib/python3.12/site-packages/airflow/example_dags/example_datasets.py took 0.977 seconds
[2025-05-02T19:57:49.614+0000] {processor.py:161} INFO - Started process (PID=3814) to work on /home/airflow/.local/lib/python3.12/site-packages/airflow/example_dags/example_datasets.py
[2025-05-02T19:57:49.617+0000] {processor.py:830} INFO - Processing file /home/airflow/.local/lib/python3.12/site-packages/airflow/example_dags/example_datasets.py for tasks to queue
[2025-05-02T19:57:49.621+0000] {logging_mixin.py:188} INFO - [2025-05-02T19:57:49.620+0000] {dagbag.py:540} INFO - Filling up the DagBag from /home/airflow/.local/lib/python3.12/site-packages/airflow/example_dags/example_datasets.py
[2025-05-02T19:57:50.082+0000] {processor.py:840} INFO - DAG(s) 'consume_1_and_2_with_dataset_expressions', 'consume_1_or_both_2_and_3_with_dataset_expressions', 'dataset_consumes_1', 'dataset_consumes_1_never_scheduled', 'dataset_produces_2', 'dataset_produces_1', 'consume_1_or_2_with_dataset_expressions', 'conditional_dataset_and_time_based_timetable', 'dataset_consumes_1_and_2', 'dataset_consumes_unknown_never_scheduled' retrieved from /home/airflow/.local/lib/python3.12/site-packages/airflow/example_dags/example_datasets.py
[2025-05-02T19:57:50.313+0000] {logging_mixin.py:188} INFO - [2025-05-02T19:57:50.313+0000] {dag.py:3096} INFO - Sync 10 DAGs
[2025-05-02T19:57:50.407+0000] {logging_mixin.py:188} INFO - [2025-05-02T19:57:50.407+0000] {dag.py:3954} INFO - Setting next_dagrun for conditional_dataset_and_time_based_timetable to 2025-04-30 01:00:00+00:00, run_after=2025-04-30 01:00:00+00:00
[2025-05-02T19:57:50.425+0000] {logging_mixin.py:188} INFO - [2025-05-02T19:57:50.425+0000] {dag.py:3954} INFO - Setting next_dagrun for consume_1_and_2_with_dataset_expressions to None, run_after=None
[2025-05-02T19:57:50.429+0000] {logging_mixin.py:188} INFO - [2025-05-02T19:57:50.429+0000] {dag.py:3954} INFO - Setting next_dagrun for consume_1_or_2_with_dataset_expressions to None, run_after=None
[2025-05-02T19:57:50.432+0000] {logging_mixin.py:188} INFO - [2025-05-02T19:57:50.431+0000] {dag.py:3954} INFO - Setting next_dagrun for consume_1_or_both_2_and_3_with_dataset_expressions to None, run_after=None
[2025-05-02T19:57:50.434+0000] {logging_mixin.py:188} INFO - [2025-05-02T19:57:50.434+0000] {dag.py:3954} INFO - Setting next_dagrun for dataset_consumes_1 to None, run_after=None
[2025-05-02T19:57:50.436+0000] {logging_mixin.py:188} INFO - [2025-05-02T19:57:50.436+0000] {dag.py:3954} INFO - Setting next_dagrun for dataset_consumes_1_and_2 to None, run_after=None
[2025-05-02T19:57:50.446+0000] {logging_mixin.py:188} INFO - [2025-05-02T19:57:50.446+0000] {dag.py:3954} INFO - Setting next_dagrun for dataset_consumes_1_never_scheduled to None, run_after=None
[2025-05-02T19:57:50.449+0000] {logging_mixin.py:188} INFO - [2025-05-02T19:57:50.448+0000] {dag.py:3954} INFO - Setting next_dagrun for dataset_consumes_unknown_never_scheduled to None, run_after=None
[2025-05-02T19:57:50.453+0000] {logging_mixin.py:188} INFO - [2025-05-02T19:57:50.453+0000] {dag.py:3954} INFO - Setting next_dagrun for dataset_produces_1 to 2025-05-01 00:00:00+00:00, run_after=2025-05-02 00:00:00+00:00
[2025-05-02T19:57:50.456+0000] {logging_mixin.py:188} INFO - [2025-05-02T19:57:50.456+0000] {dag.py:3954} INFO - Setting next_dagrun for dataset_produces_2 to None, run_after=None
[2025-05-02T19:57:50.557+0000] {processor.py:183} INFO - Processing /home/airflow/.local/lib/python3.12/site-packages/airflow/example_dags/example_datasets.py took 0.957 seconds
[2025-05-02T19:58:20.676+0000] {processor.py:161} INFO - Started process (PID=3920) to work on /home/airflow/.local/lib/python3.12/site-packages/airflow/example_dags/example_datasets.py
[2025-05-02T19:58:20.678+0000] {processor.py:830} INFO - Processing file /home/airflow/.local/lib/python3.12/site-packages/airflow/example_dags/example_datasets.py for tasks to queue
[2025-05-02T19:58:20.682+0000] {logging_mixin.py:188} INFO - [2025-05-02T19:58:20.681+0000] {dagbag.py:540} INFO - Filling up the DagBag from /home/airflow/.local/lib/python3.12/site-packages/airflow/example_dags/example_datasets.py
